task,prep_time_min,driver_dist_km,traffic_index,driver_eta_min,food_prep_progress,food_temp_c,outcome
easy,15.3,2.48,1.28,6.32,1.0,75.0,hot
easy,15.94,2.02,1.07,4.33,1.0,75.0,hot
easy,15.13,2.84,1.2,6.81,1.0,75.0,hot
easy,14.15,3.44,1.28,8.79,0.9431,75.0,hot
easy,15.07,3.56,1.25,8.89,1.0,75.0,hot
easy,14.14,3.18,1.1,7.03,0.9427,75.0,hot
easy,15.88,2.98,1.18,7.03,1.0,75.0,hot
easy,14.32,3.61,1.18,8.56,0.9546,75.0,hot
easy,14.57,2.82,1.25,7.08,0.9714,75.0,hot
easy,15.37,3.21,1.24,7.97,1.0,75.0,hot
easy,17.14,2.8,1.15,6.43,1.0,75.0,hot
easy,14.19,3.31,1.31,8.69,0.9457,75.0,hot
easy,14.89,2.58,1.12,5.77,0.9924,75.0,hot
easy,15.65,3.37,1.25,8.46,1.0,75.0,hot
easy,14.33,3.12,1.21,7.55,0.9556,75.0,hot
easy,15.22,3.44,1.22,8.4,1.0,75.0,hot
easy,15.68,3.03,1.23,7.46,1.0,75.0,hot
easy,15.63,2.27,1.17,5.31,1.0,75.0,hot
easy,14.53,2.68,1.17,6.29,0.9686,75.0,hot
easy,16.49,2.57,1.3,6.66,1.0,75.0,hot
easy,13.32,2.83,1.22,6.89,0.8878,75.0,hot
easy,15.59,3.36,1.28,8.59,1.0,75.0,hot
easy,14.65,2.77,1.29,7.12,0.9768,75.0,hot
easy,14.81,2.36,1.09,5.13,0.9872,75.0,hot
easy,14.08,3.25,1.21,7.89,0.9387,75.0,hot
easy,15.69,2.79,1.22,6.78,1.0,75.0,hot
easy,15.63,2.85,1.25,7.09,1.0,75.0,hot
easy,14.34,2.82,1.16,6.55,0.9559,75.0,hot
easy,13.8,3.24,1.15,7.48,0.9203,75.0,hot
easy,15.01,3.24,1.24,8.07,1.0,75.0,hot
easy,15.67,2.95,1.16,6.83,1.0,75.0,hot
easy,14.92,2.16,1.06,4.55,0.9947,75.0,hot
easy,13.68,2.5,1.24,6.2,0.9118,75.0,hot
easy,14.09,2.81,1.33,7.48,0.9396,75.0,hot
easy,14.64,3.37,1.11,7.46,0.9762,75.0,hot
easy,14.79,2.52,1.17,5.89,0.9863,75.0,hot
easy,15.84,2.14,1.24,5.31,1.0,75.0,hot
easy,15.24,2.7,1.06,5.71,1.0,75.0,hot
easy,15.07,2.74,1.22,6.69,1.0,75.0,hot
easy,15.02,3.8,1.18,8.94,1.0,75.0,hot
easy,13.98,3.09,1.22,7.55,0.9318,75.0,hot
easy,16.36,3.42,1.24,8.45,1.0,75.0,hot
easy,16.46,2.41,1.14,5.47,1.0,75.0,hot
easy,14.07,2.81,1.06,5.96,0.9382,75.0,hot
easy,15.64,2.89,1.05,6.08,1.0,75.0,hot
easy,13.98,3.16,1.28,8.11,0.9323,75.0,hot
easy,17.0,4.46,1.24,11.07,1.0,75.0,hot
easy,14.01,1.93,1.23,4.75,0.934,75.0,hot
easy,14.19,2.79,1.14,6.36,0.9458,75.0,hot
easy,14.86,3.53,1.22,8.59,0.9906,75.0,hot
easy,14.84,2.48,1.03,5.13,0.9894,75.0,hot
easy,14.51,2.97,1.38,8.19,0.9676,75.0,hot
easy,15.13,3.49,1.15,8.03,1.0,75.0,hot
easy,13.82,2.52,1.13,5.68,0.921,75.0,hot
easy,17.13,2.59,1.28,6.65,1.0,75.0,hot
easy,14.1,3.47,1.24,8.58,0.9398,75.0,hot
easy,14.84,2.98,1.13,6.76,0.9896,75.0,hot
easy,15.45,2.77,1.08,5.97,1.0,75.0,hot
easy,13.72,3.09,1.36,8.38,0.9148,75.0,hot
easy,15.16,2.94,1.23,7.23,1.0,75.0,hot
easy,16.31,3.11,1.16,7.21,1.0,75.0,hot
easy,16.11,3.21,1.35,8.7,1.0,75.0,hot
easy,15.18,2.39,1.06,5.08,1.0,75.0,hot
easy,16.65,3.86,1.18,9.13,1.0,75.0,hot
easy,14.62,3.73,1.09,8.13,0.9745,75.0,hot
easy,14.11,3.32,1.16,7.71,0.9404,75.0,hot
easy,14.99,2.92,1.23,7.2,0.9997,75.0,hot
easy,16.41,3.05,1.26,7.7,1.0,75.0,hot
easy,12.95,2.98,1.12,6.64,0.8633,75.0,hot
easy,13.78,2.56,1.17,5.98,0.9187,75.0,hot
easy,15.92,2.34,1.2,5.62,1.0,75.0,hot
easy,14.52,2.84,1.3,7.38,0.9677,75.0,hot
easy,15.54,3.67,1.18,8.69,1.0,75.0,hot
easy,14.3,2.89,1.22,7.07,0.9536,75.0,hot
easy,15.18,2.46,1.21,5.94,1.0,75.0,hot
easy,15.23,4.26,1.39,11.82,1.0,75.0,hot
easy,14.15,2.86,1.05,6.02,0.9431,75.0,hot
easy,14.41,3.16,1.32,8.34,0.9606,75.0,hot
easy,14.27,2.67,1.0,5.35,0.9514,75.0,hot
easy,14.84,2.47,1.15,5.66,0.9892,75.0,hot
easy,14.12,2.95,1.02,6.05,0.9415,75.0,hot
easy,13.53,4.06,1.07,8.71,0.9022,75.0,hot
easy,13.9,3.92,1.49,11.68,0.9269,75.0,hot
easy,13.83,2.82,1.23,6.95,0.9219,75.0,hot
easy,16.73,2.51,1.18,5.89,1.0,75.0,hot
easy,15.78,3.22,1.16,7.48,1.0,75.0,hot
easy,14.87,2.31,1.18,5.44,0.9911,75.0,hot
easy,14.73,3.12,1.14,7.13,0.9822,75.0,hot
easy,15.47,3.51,1.22,8.52,1.0,75.0,hot
easy,15.35,3.03,1.2,7.26,1.0,75.0,hot
easy,14.28,3.16,1.19,7.52,0.9519,75.0,hot
easy,17.09,3.79,1.24,9.38,1.0,75.0,hot
easy,14.24,2.44,1.32,6.45,0.9491,75.0,hot
easy,15.26,3.24,1.03,6.65,1.0,75.0,hot
easy,15.93,3.23,1.09,7.03,1.0,75.0,hot
easy,14.53,3.13,1.21,7.55,0.9686,75.0,hot
easy,14.71,2.95,1.17,6.93,0.9805,75.0,hot
easy,15.15,3.74,1.0,7.47,1.0,75.0,hot
easy,14.76,3.09,1.23,7.59,0.9842,75.0,hot
easy,14.63,2.12,1.23,5.23,0.9752,75.0,hot
easy,16.73,2.23,1.29,5.75,1.0,75.0,hot
easy,14.67,2.97,1.09,6.5,0.9781,75.0,hot
easy,14.67,3.65,1.26,9.19,0.9777,75.0,hot
easy,16.73,3.59,1.24,8.93,1.0,75.0,hot
easy,16.74,3.22,1.28,8.26,1.0,75.0,hot
easy,14.7,3.03,1.13,6.86,0.9802,75.0,hot
easy,15.99,2.41,1.28,6.16,1.0,75.0,hot
easy,14.81,3.59,1.28,9.14,0.9873,75.0,hot
easy,16.82,3.37,1.04,7.02,1.0,75.0,hot
easy,14.93,2.41,1.15,5.54,0.9955,75.0,hot
easy,16.51,3.32,1.13,7.5,1.0,75.0,hot
easy,13.99,3.02,1.08,6.51,0.9324,75.0,hot
easy,14.33,3.16,1.32,8.3,0.9553,75.0,hot
easy,15.61,1.85,1.23,4.56,1.0,75.0,hot
easy,15.07,3.21,1.36,8.73,1.0,75.0,hot
easy,12.94,2.7,1.26,6.81,0.8625,75.0,hot
easy,13.42,3.74,1.24,9.25,0.8946,75.0,hot
easy,15.85,2.71,1.28,6.96,1.0,75.0,hot
easy,16.07,3.12,1.22,7.63,1.0,75.0,hot
easy,15.27,2.57,1.19,6.09,1.0,75.0,hot
easy,14.85,3.19,1.3,8.3,0.9898,75.0,hot
easy,13.94,2.94,1.35,7.92,0.9294,75.0,hot
easy,14.26,2.59,1.22,6.32,0.9504,75.0,hot
easy,15.84,3.01,1.33,8.01,1.0,75.0,hot
easy,15.86,3.42,1.26,8.59,1.0,75.0,hot
easy,17.33,2.9,1.0,5.79,1.0,75.0,hot
easy,16.6,2.77,1.21,6.71,1.0,75.0,hot
easy,16.31,2.2,1.07,4.73,1.0,75.0,hot
easy,13.4,2.6,1.24,6.48,0.8932,75.0,hot
easy,15.52,3.14,1.06,6.64,1.0,75.0,hot
easy,12.69,3.03,1.15,6.98,0.846,75.0,hot
easy,15.46,3.35,1.21,8.13,1.0,75.0,hot
easy,15.76,3.11,1.25,7.81,1.0,75.0,hot
easy,14.3,2.91,1.22,7.1,0.953,75.0,hot
easy,15.82,2.8,1.25,7.02,1.0,75.0,hot
easy,14.73,2.94,1.28,7.55,0.9823,75.0,hot
easy,13.01,2.35,1.05,4.95,0.8671,75.0,hot
easy,12.67,2.66,1.27,6.78,0.8444,75.0,hot
easy,14.72,3.1,1.31,8.11,0.981,75.0,hot
easy,16.33,2.97,1.34,7.92,1.0,75.0,hot
easy,15.09,2.58,1.14,5.89,1.0,75.0,hot
easy,13.52,2.56,1.16,5.95,0.9013,75.0,hot
easy,15.8,3.86,1.06,8.2,1.0,75.0,hot
easy,15.39,2.48,1.25,6.19,1.0,75.0,hot
easy,14.87,2.08,1.29,5.39,0.9913,75.0,hot
easy,14.39,2.73,1.09,5.97,0.9597,75.0,hot
easy,14.35,3.21,1.18,7.59,0.9564,75.0,hot
easy,15.33,3.18,1.33,8.47,1.0,75.0,hot
easy,14.66,2.26,1.31,5.91,0.9771,75.0,hot
easy,14.67,3.56,1.24,8.81,0.9779,75.0,hot
easy,14.87,3.17,1.4,8.86,0.9913,75.0,hot
easy,17.08,3.03,1.22,7.38,1.0,75.0,hot
easy,16.08,2.58,1.23,6.36,1.0,75.0,hot
easy,14.97,3.16,1.12,7.05,0.9983,75.0,hot
easy,13.41,1.96,1.09,4.27,0.894,75.0,hot
easy,14.54,2.85,1.39,7.95,0.9694,75.0,hot
easy,16.11,2.52,1.23,6.22,1.0,75.0,hot
easy,14.59,2.86,1.22,6.96,0.9729,75.0,hot
easy,15.62,2.83,1.31,7.4,1.0,75.0,hot
easy,13.86,3.0,1.46,8.77,0.9239,75.0,hot
easy,15.22,3.72,1.21,8.99,1.0,75.0,hot
easy,15.58,2.97,1.18,7.03,1.0,75.0,hot
easy,14.22,3.22,1.11,7.17,0.948,75.0,hot
easy,15.67,3.54,1.24,8.76,1.0,75.0,hot
easy,14.71,3.23,1.17,7.55,0.9809,75.0,hot
easy,15.94,2.08,1.17,4.86,1.0,75.0,hot
easy,13.01,2.25,1.34,6.02,0.8673,75.0,hot
easy,15.9,2.64,1.05,5.54,1.0,75.0,hot
easy,12.04,2.73,1.44,7.87,0.8024,75.0,hot
easy,15.43,2.72,1.25,6.78,1.0,75.0,hot
easy,13.44,2.85,1.21,6.9,0.8959,75.0,hot
easy,14.91,3.4,1.23,8.38,0.9943,75.0,hot
easy,15.67,2.66,1.29,6.85,1.0,75.0,hot
easy,16.63,2.51,1.11,5.59,1.0,75.0,hot
easy,16.34,2.9,1.34,7.79,1.0,75.0,hot
easy,14.56,3.73,1.21,9.04,0.9705,75.0,hot
easy,15.26,3.78,1.16,8.8,1.0,75.0,hot
easy,14.06,2.78,1.25,6.91,0.9373,75.0,hot
easy,13.43,3.32,1.15,7.61,0.8956,75.0,hot
easy,16.15,1.8,1.12,4.04,1.0,75.0,hot
easy,13.31,2.59,1.22,6.34,0.8876,75.0,hot
easy,14.82,2.87,1.18,6.8,0.9881,75.0,hot
easy,15.2,2.5,1.27,6.34,1.0,75.0,hot
easy,15.66,3.19,1.26,8.02,1.0,75.0,hot
easy,15.3,4.02,1.19,9.57,1.0,75.0,hot
easy,14.69,2.62,1.1,5.75,0.9795,75.0,hot
easy,13.76,2.56,1.19,6.1,0.917,75.0,hot
easy,15.33,3.03,1.12,6.8,1.0,75.0,hot
easy,15.9,3.37,1.18,7.98,1.0,75.0,hot
easy,14.35,3.27,1.22,7.98,0.9565,75.0,hot
easy,13.55,2.97,1.23,7.27,0.9035,75.0,hot
easy,14.1,3.09,1.05,6.53,0.94,75.0,hot
easy,16.34,3.62,1.17,8.51,1.0,75.0,hot
easy,15.36,1.8,1.08,3.89,1.0,75.0,hot
easy,14.71,2.46,1.27,6.27,0.9804,75.0,hot
easy,17.0,2.41,1.12,5.38,1.0,75.0,hot
easy,15.24,3.81,1.08,8.2,1.0,75.0,hot
easy,15.25,3.91,1.03,8.09,1.0,75.0,hot
easy,13.72,2.79,1.15,6.4,0.9146,75.0,hot
easy,15.81,3.12,1.02,6.38,1.0,75.0,hot
easy,15.52,2.71,1.33,7.2,1.0,75.0,hot
easy,14.37,2.68,1.25,6.73,0.9582,75.0,hot
easy,15.76,3.22,1.03,6.65,1.0,75.0,hot
easy,15.54,2.48,1.22,6.08,1.0,75.0,hot
easy,13.58,3.22,1.12,7.22,0.9051,75.0,hot
easy,13.72,3.36,1.22,8.22,0.9145,75.0,hot
easy,14.39,3.73,1.16,8.61,0.9591,75.0,hot
easy,15.03,3.13,1.14,7.13,1.0,75.0,hot
easy,15.47,2.73,1.16,6.33,1.0,75.0,hot
easy,16.36,2.48,1.0,4.96,1.0,75.0,hot
easy,16.61,4.27,1.16,9.91,1.0,75.0,hot
easy,13.06,2.84,1.17,6.66,0.8709,75.0,hot
easy,14.81,2.44,1.26,6.15,0.9873,75.0,hot
easy,15.52,2.25,1.27,5.72,1.0,75.0,hot
easy,17.05,3.09,1.17,7.2,1.0,75.0,hot
easy,14.86,3.31,1.03,6.79,0.9905,75.0,hot
easy,15.16,2.8,1.38,7.77,1.0,75.0,hot
easy,14.83,3.83,1.09,8.36,0.9884,75.0,hot
easy,15.59,3.16,1.11,7.03,1.0,75.0,hot
easy,15.18,3.61,1.17,8.42,1.0,75.0,hot
easy,13.31,2.99,1.11,6.64,0.8872,75.0,hot
easy,14.66,2.96,1.03,6.09,0.9772,75.0,hot
easy,13.38,3.24,1.15,7.44,0.8923,75.0,hot
easy,12.44,3.39,1.23,8.33,0.829,75.0,hot
easy,14.29,2.34,1.28,6.01,0.9524,75.0,hot
easy,15.35,4.19,1.24,10.41,1.0,75.0,hot
easy,15.39,2.92,1.28,7.48,1.0,75.0,hot
easy,15.63,3.63,1.15,8.32,1.0,75.0,hot
easy,14.56,2.76,1.28,7.06,0.971,75.0,hot
easy,16.5,2.77,1.16,6.41,1.0,75.0,hot
easy,15.31,2.88,1.3,7.45,1.0,75.0,hot
easy,12.75,2.59,1.12,5.8,0.8499,75.0,hot
easy,12.68,2.52,1.11,5.58,0.8453,75.0,hot
easy,14.8,3.56,1.18,8.36,0.9866,75.0,hot
easy,13.97,2.97,1.3,7.76,0.9313,75.0,hot
easy,14.02,2.54,1.26,6.39,0.9349,75.0,hot
easy,14.78,3.32,1.2,7.97,0.9852,75.0,hot
easy,15.7,2.48,1.2,5.95,1.0,75.0,hot
easy,14.79,2.39,1.04,4.99,0.986,75.0,hot
easy,15.69,2.82,1.1,6.2,1.0,75.0,hot
easy,14.9,3.56,1.0,7.13,0.9936,75.0,hot
easy,13.5,2.54,1.35,6.83,0.9002,75.0,hot
easy,15.28,3.38,1.09,7.35,1.0,75.0,hot
easy,13.88,3.22,1.21,7.77,0.9254,75.0,hot
easy,15.55,2.91,1.23,7.14,1.0,75.0,hot
easy,15.16,3.39,1.28,8.68,1.0,75.0,hot
easy,13.38,1.88,1.3,4.88,0.892,75.0,hot
easy,16.19,2.49,1.01,5.05,1.0,75.0,hot
easy,15.1,3.47,1.38,9.56,1.0,75.0,hot
easy,15.52,2.81,1.11,6.25,1.0,75.0,hot
easy,15.01,2.85,1.1,6.26,1.0,75.0,hot
easy,17.05,3.89,1.31,10.23,1.0,75.0,hot
easy,14.08,3.43,1.26,8.66,0.9386,75.0,hot
easy,15.44,3.62,1.26,9.16,1.0,75.0,hot
easy,15.74,3.32,1.23,8.19,1.0,75.0,hot
easy,13.22,3.04,1.14,6.96,0.8811,75.0,hot
easy,13.72,3.84,1.37,10.55,0.9147,75.0,hot
easy,16.36,3.13,1.34,8.35,1.0,75.0,hot
easy,15.01,3.1,1.09,6.77,1.0,75.0,hot
easy,15.4,3.03,1.07,6.48,1.0,75.0,hot
easy,14.95,2.96,1.38,8.17,0.9966,75.0,hot
easy,15.89,3.01,1.22,7.36,1.0,75.0,hot
easy,15.04,2.9,1.09,6.33,1.0,75.0,hot
easy,14.85,2.63,1.07,5.65,0.9899,75.0,hot
easy,15.51,3.2,1.02,6.53,1.0,75.0,hot
easy,14.88,3.5,1.31,9.14,0.9918,75.0,hot
easy,16.03,3.02,1.12,6.74,1.0,75.0,hot
easy,13.92,3.17,1.24,7.85,0.9278,75.0,hot
easy,16.29,3.55,1.19,8.43,1.0,75.0,hot
easy,13.76,2.84,1.22,6.94,0.9171,75.0,hot
easy,14.8,2.71,1.23,6.64,0.9865,75.0,hot
easy,14.5,2.69,1.23,6.61,0.9664,75.0,hot
easy,14.6,3.12,1.23,7.66,0.9732,75.0,hot
easy,13.86,2.76,1.34,7.42,0.924,75.0,hot
easy,13.84,1.94,1.01,3.94,0.9225,75.0,hot
easy,15.03,3.02,1.19,7.17,1.0,75.0,hot
easy,16.21,1.66,1.24,4.12,1.0,75.0,hot
easy,16.56,2.44,1.16,5.66,1.0,75.0,hot
easy,14.25,2.55,1.17,5.96,0.9498,75.0,hot
easy,16.43,3.92,1.17,9.14,1.0,75.0,hot
easy,16.91,3.02,1.38,8.3,1.0,75.0,hot
easy,14.91,3.07,1.24,7.58,0.9938,75.0,hot
easy,18.18,3.43,1.13,7.74,1.0,75.0,hot
easy,15.97,2.82,1.15,6.49,1.0,75.0,hot
easy,15.91,3.02,1.23,7.41,1.0,75.0,hot
easy,15.01,3.17,1.24,7.87,1.0,75.0,hot
easy,13.06,3.33,1.1,7.35,0.8709,75.0,hot
easy,13.56,2.97,1.21,7.18,0.9038,75.0,hot
easy,14.31,3.42,1.07,7.28,0.9538,75.0,hot
easy,14.59,2.71,1.2,6.47,0.9729,75.0,hot
easy,15.28,2.5,1.27,6.35,1.0,75.0,hot
easy,15.06,2.05,1.0,4.13,1.0,75.0,hot
easy,14.99,2.89,1.19,6.88,0.9992,75.0,hot
easy,14.97,3.11,1.29,8.06,0.9981,75.0,hot
easy,13.89,2.41,1.09,5.27,0.9259,75.0,hot
easy,15.29,3.62,1.16,8.38,1.0,75.0,hot
easy,12.5,2.15,1.12,4.8,0.8332,75.0,hot
easy,14.44,2.8,1.2,6.73,0.9628,75.0,hot
easy,14.69,3.52,1.13,7.98,0.9792,75.0,hot
easy,14.14,3.24,1.05,6.78,0.9425,75.0,hot
easy,15.39,3.05,1.19,7.23,1.0,75.0,hot
easy,16.59,2.69,1.41,7.56,1.0,75.0,hot
easy,14.77,2.36,1.21,5.7,0.985,75.0,hot
easy,13.92,2.62,1.24,6.51,0.9283,75.0,hot
easy,15.56,2.69,1.3,6.98,1.0,75.0,hot
easy,16.16,3.72,1.25,9.32,1.0,75.0,hot
easy,16.36,2.06,1.17,4.81,1.0,75.0,hot
easy,14.13,3.06,1.14,6.99,0.9422,75.0,hot
easy,14.83,3.94,1.18,9.32,0.9889,75.0,hot
easy,15.41,2.88,1.21,6.96,1.0,75.0,hot
easy,15.01,3.22,1.32,8.49,1.0,75.0,hot
easy,16.65,3.15,1.26,7.94,1.0,75.0,hot
easy,13.85,2.96,1.29,7.65,0.9233,75.0,hot
easy,15.87,3.11,1.29,8.0,1.0,75.0,hot
easy,15.49,3.6,1.23,8.85,1.0,75.0,hot
easy,14.64,3.17,1.0,6.34,0.9763,75.0,hot
easy,15.38,1.18,1.03,2.42,1.0,75.0,hot
easy,15.45,3.24,1.08,7.02,1.0,75.0,hot
easy,14.29,3.69,1.15,8.49,0.9525,75.0,hot
easy,17.24,3.0,1.24,7.44,1.0,75.0,hot
easy,16.62,3.07,1.1,6.74,1.0,75.0,hot
easy,14.89,2.98,1.06,6.34,0.9927,75.0,hot
easy,14.74,2.63,1.29,6.8,0.9829,75.0,hot
easy,15.03,2.86,1.19,6.8,1.0,75.0,hot
easy,15.22,3.31,1.1,7.28,1.0,75.0,hot
easy,13.96,3.55,1.16,8.23,0.9306,75.0,hot
easy,13.58,3.22,1.25,8.03,0.9055,75.0,hot
easy,13.47,3.11,1.27,7.93,0.898,75.0,hot
easy,15.37,3.32,1.06,7.03,1.0,75.0,hot
easy,15.33,2.85,1.15,6.56,1.0,75.0,hot
easy,15.87,3.74,1.38,10.32,1.0,75.0,hot
easy,16.31,2.95,1.24,7.28,1.0,75.0,hot
easy,15.77,3.06,1.21,7.43,1.0,75.0,hot
easy,15.82,2.97,1.13,6.7,1.0,75.0,hot
easy,14.59,3.32,1.2,7.96,0.9724,75.0,hot
easy,15.34,3.34,1.16,7.75,1.0,75.0,hot
easy,15.76,3.19,1.08,6.87,1.0,75.0,hot
easy,16.44,2.75,1.03,5.69,1.0,75.0,hot
easy,13.95,2.49,1.21,6.0,0.9303,75.0,hot
easy,14.73,2.83,1.26,7.15,0.9817,75.0,hot
easy,15.34,3.16,1.24,7.84,1.0,75.0,hot
easy,15.62,1.95,1.16,4.53,1.0,75.0,hot
easy,12.82,3.02,1.2,7.24,0.8547,75.0,hot
easy,16.05,3.59,1.22,8.77,1.0,75.0,hot
easy,14.5,3.24,1.15,7.44,0.9666,75.0,hot
easy,15.0,3.49,1.14,7.99,0.9999,75.0,hot
easy,15.81,3.34,1.1,7.38,1.0,75.0,hot
easy,15.97,3.35,1.21,8.11,1.0,75.0,hot
easy,14.24,2.57,1.15,5.89,0.9492,75.0,hot
easy,15.54,2.52,1.24,6.27,1.0,75.0,hot
easy,13.76,2.9,1.21,7.02,0.9172,75.0,hot
easy,17.45,2.31,1.35,6.23,1.0,75.0,hot
easy,15.15,3.21,1.21,7.77,1.0,75.0,hot
easy,15.44,2.92,1.35,7.87,1.0,75.0,hot
easy,14.54,3.57,1.14,8.1,0.9696,75.0,hot
easy,14.94,2.46,1.25,6.14,0.996,75.0,hot
easy,16.45,2.96,1.18,6.99,1.0,75.0,hot
easy,13.89,2.89,1.04,6.01,0.9257,75.0,hot
easy,14.09,3.11,1.33,8.29,0.9391,75.0,hot
easy,17.81,2.71,1.34,7.27,1.0,75.0,hot
easy,15.24,2.92,1.24,7.27,1.0,75.0,hot
easy,15.06,3.06,1.16,7.08,1.0,75.0,hot
easy,13.6,2.23,1.27,5.64,0.9068,75.0,hot
easy,14.72,2.7,1.2,6.49,0.9816,75.0,hot
easy,15.79,3.09,1.13,7.01,1.0,75.0,hot
easy,16.23,3.79,1.25,9.47,1.0,75.0,hot
easy,15.97,3.62,1.31,9.51,1.0,75.0,hot
easy,15.61,3.3,1.25,8.26,1.0,75.0,hot
easy,13.9,3.35,1.06,7.13,0.9268,75.0,hot
easy,14.21,3.65,1.28,9.38,0.947,75.0,hot
easy,16.49,2.86,1.08,6.21,1.0,75.0,hot
easy,14.76,3.05,1.21,7.37,0.984,75.0,hot
easy,16.13,2.82,1.24,6.96,1.0,75.0,hot
easy,14.01,3.23,1.2,7.74,0.9341,75.0,hot
easy,14.25,2.88,1.18,6.81,0.95,75.0,hot
easy,14.73,3.89,1.19,9.25,0.982,75.0,hot
easy,14.76,1.95,1.11,4.33,0.9837,75.0,hot
easy,14.74,2.66,1.34,7.11,0.9825,75.0,hot
easy,14.84,3.64,1.21,8.79,0.989,75.0,hot
easy,15.04,2.96,1.2,7.1,1.0,75.0,hot
easy,16.72,1.84,1.0,3.68,1.0,75.0,hot
easy,14.46,3.01,1.27,7.63,0.9638,75.0,hot
easy,15.47,2.81,1.3,7.31,1.0,75.0,hot
easy,16.03,3.09,1.3,8.02,1.0,75.0,hot
easy,15.27,2.72,1.27,6.91,1.0,75.0,hot
easy,15.11,3.0,1.35,8.09,1.0,75.0,hot
easy,12.55,2.29,1.08,4.95,0.8366,75.0,hot
easy,14.64,2.87,1.05,6.03,0.9758,75.0,hot
easy,14.01,2.57,1.45,7.43,0.9343,75.0,hot
easy,16.8,2.79,1.16,6.5,1.0,75.0,hot
easy,13.85,2.05,1.19,4.86,0.9234,75.0,hot
easy,14.0,2.96,1.04,6.15,0.9335,75.0,hot
easy,14.24,3.07,1.24,7.6,0.9492,75.0,hot
easy,15.42,2.34,1.29,6.02,1.0,75.0,hot
easy,14.2,3.32,1.2,7.95,0.9467,75.0,hot
easy,13.62,2.84,1.24,7.03,0.9082,75.0,hot
easy,15.61,2.93,1.35,7.93,1.0,75.0,hot
easy,16.01,2.87,1.28,7.32,1.0,75.0,hot
easy,16.93,3.98,1.08,8.58,1.0,75.0,hot
easy,14.07,3.74,1.09,8.19,0.9382,75.0,hot
easy,13.68,2.76,1.24,6.85,0.9118,75.0,hot
easy,14.9,2.67,1.13,6.06,0.9932,75.0,hot
easy,14.29,2.56,1.43,7.31,0.9525,75.0,hot
easy,15.3,3.44,1.15,7.93,1.0,75.0,hot
easy,14.81,2.64,1.0,5.29,0.9876,75.0,hot
easy,13.62,2.09,1.0,4.19,0.9081,75.0,hot
easy,13.8,3.66,1.2,8.76,0.9203,75.0,hot
easy,16.29,3.21,1.28,8.19,1.0,75.0,hot
easy,14.1,3.26,1.27,8.3,0.9399,75.0,hot
easy,14.42,3.28,1.26,8.24,0.9616,75.0,hot
easy,14.45,2.44,1.08,5.28,0.9634,75.0,hot
easy,15.09,3.16,1.12,7.09,1.0,75.0,hot
easy,15.03,3.29,1.26,8.29,1.0,75.0,hot
easy,16.55,3.64,1.1,8.0,1.0,75.0,hot
easy,16.68,2.73,1.3,7.13,1.0,75.0,hot
easy,15.07,2.79,1.02,5.7,1.0,75.0,hot
easy,14.83,2.22,1.3,5.76,0.9886,75.0,hot
easy,16.52,2.6,1.23,6.4,1.0,75.0,hot
easy,14.27,2.69,1.28,6.86,0.9516,75.0,hot
easy,14.96,3.87,1.15,8.91,0.9974,75.0,hot
easy,16.0,3.05,1.28,7.8,1.0,75.0,hot
easy,14.55,2.98,1.19,7.07,0.9702,75.0,hot
easy,14.16,3.33,1.27,8.43,0.9443,75.0,hot
easy,15.59,3.77,1.34,10.14,1.0,75.0,hot
easy,14.63,3.19,1.14,7.25,0.975,75.0,hot
easy,15.02,2.7,1.36,7.36,1.0,75.0,hot
easy,15.36,2.89,1.32,7.63,1.0,75.0,hot
easy,12.83,1.99,1.28,5.1,0.8553,75.0,hot
easy,15.06,3.13,1.07,6.67,1.0,75.0,hot
easy,14.98,4.0,1.28,10.26,0.9985,75.0,hot
easy,15.17,2.78,1.16,6.45,1.0,75.0,hot
easy,12.87,3.13,1.28,8.04,0.8581,75.0,hot
easy,13.42,2.67,1.08,5.79,0.895,75.0,hot
easy,14.03,3.03,1.0,6.05,0.9356,75.0,hot
easy,15.61,3.38,1.17,7.94,1.0,75.0,hot
easy,12.52,2.5,1.32,6.62,0.8346,75.0,hot
easy,12.22,2.83,1.08,6.12,0.8148,75.0,hot
easy,15.8,2.66,1.24,6.6,1.0,75.0,hot
easy,15.57,3.92,1.18,9.24,1.0,75.0,hot
easy,15.38,2.26,1.32,5.96,1.0,75.0,hot
easy,14.24,2.72,1.2,6.51,0.9493,75.0,hot
easy,13.44,3.11,1.3,8.08,0.8958,75.0,hot
easy,15.29,2.21,1.19,5.24,1.0,75.0,hot
easy,15.74,2.06,1.09,4.5,1.0,75.0,hot
easy,15.88,3.14,1.24,7.78,1.0,75.0,hot
easy,16.86,3.23,1.27,8.19,1.0,75.0,hot
easy,17.71,2.89,1.12,6.48,1.0,75.0,hot
easy,15.43,3.22,1.15,7.39,1.0,75.0,hot
easy,13.97,4.15,1.23,10.24,0.9312,75.0,hot
easy,14.27,3.46,1.19,8.22,0.9512,75.0,hot
easy,14.75,3.28,1.07,7.03,0.9831,75.0,hot
easy,15.35,3.96,1.25,9.86,1.0,75.0,hot
easy,14.62,2.75,1.16,6.37,0.9749,75.0,hot
easy,14.75,2.81,1.29,7.26,0.9831,75.0,hot
easy,13.27,3.43,1.16,7.97,0.8845,75.0,hot
easy,15.38,2.44,1.33,6.5,1.0,75.0,hot
easy,16.25,3.48,1.05,7.3,1.0,75.0,hot
easy,15.83,3.2,1.04,6.66,1.0,75.0,hot
easy,14.98,3.18,1.26,7.99,0.9984,75.0,hot
easy,15.18,3.15,1.35,8.48,1.0,75.0,hot
easy,16.23,1.57,1.17,3.66,1.0,75.0,hot
easy,14.84,2.12,1.21,5.14,0.989,75.0,hot
easy,16.25,2.46,1.23,6.06,1.0,75.0,hot
easy,14.08,2.66,1.35,7.18,0.9389,75.0,hot
easy,14.46,3.23,1.01,6.55,0.9638,75.0,hot
easy,16.86,3.3,1.18,7.8,1.0,75.0,hot
easy,15.58,2.3,1.32,6.05,1.0,75.0,hot
easy,14.68,2.9,1.15,6.67,0.9784,75.0,hot
easy,14.42,3.35,1.23,8.2,0.9613,75.0,hot
easy,15.65,3.0,1.25,7.5,1.0,75.0,hot
easy,14.58,4.11,1.04,8.59,0.9721,75.0,hot
easy,16.26,3.68,1.11,8.21,1.0,75.0,hot
easy,17.23,3.5,1.3,9.07,1.0,75.0,hot
easy,15.03,2.89,1.18,6.82,1.0,75.0,hot
easy,15.39,3.7,1.22,9.02,1.0,75.0,hot
easy,14.09,3.41,1.29,8.82,0.9392,75.0,hot
easy,15.65,3.37,1.17,7.91,1.0,75.0,hot
easy,14.07,2.57,1.04,5.32,0.9381,75.0,hot
easy,15.24,2.96,1.16,6.84,1.0,75.0,hot
easy,12.04,2.38,1.31,6.24,0.803,75.0,hot
easy,14.34,3.18,1.06,6.75,0.9557,75.0,hot
easy,16.44,2.93,1.23,7.2,1.0,75.0,hot
easy,17.33,3.76,1.17,8.79,1.0,75.0,hot
easy,14.41,2.84,1.25,7.1,0.9605,75.0,hot
easy,14.89,2.8,1.35,7.55,0.993,75.0,hot
easy,14.89,4.15,1.21,10.03,0.9924,75.0,hot
easy,16.79,3.18,1.3,8.24,1.0,75.0,hot
easy,14.28,2.57,1.25,6.41,0.9517,75.0,hot
easy,15.99,3.02,1.07,6.47,1.0,75.0,hot
easy,13.64,2.29,1.02,4.68,0.9093,75.0,hot
easy,15.11,3.56,1.2,8.54,1.0,75.0,hot
easy,12.74,2.9,1.18,6.88,0.8493,75.0,hot
easy,17.1,2.27,1.16,5.27,1.0,75.0,hot
easy,16.71,3.22,1.26,8.1,1.0,75.0,hot
easy,15.11,3.16,1.28,8.09,1.0,75.0,hot
easy,14.19,3.44,1.06,7.31,0.946,75.0,hot
easy,15.33,3.09,1.14,7.03,1.0,75.0,hot
easy,14.98,2.69,1.09,5.88,0.9985,75.0,hot
easy,14.65,2.45,1.23,6.03,0.9764,75.0,hot
easy,13.85,3.36,1.08,7.26,0.9233,75.0,hot
medium,13.3,3.06,1.9,11.62,0.8867,75.0,hot
medium,15.99,3.68,1.65,12.15,1.0,75.0,hot
medium,8.68,3.94,2.1,16.52,0.5786,63.23,cold
medium,15.4,4.1,1.66,13.65,1.0,75.0,hot
medium,17.69,1.0,1.0,2.01,1.0,75.0,hot
medium,15.63,2.93,1.89,11.09,1.0,75.0,hot
medium,14.05,1.1,1.12,2.46,0.937,75.0,hot
medium,6.75,3.65,1.44,10.53,0.4501,69.33,hot
medium,13.73,5.62,1.86,20.9,0.9151,64.25,cold
medium,14.49,0.8,1.69,2.69,0.9659,75.0,hot
medium,16.67,4.46,1.79,16.02,1.0,75.0,hot
medium,11.51,7.01,1.21,17.0,0.767,66.75,hot
medium,17.25,1.47,1.22,3.59,1.0,75.0,hot
medium,19.55,3.61,1.75,12.64,1.0,75.0,hot
medium,15.71,3.84,1.91,14.67,1.0,75.0,hot
medium,14.29,1.33,1.26,3.35,0.9527,75.0,hot
medium,16.65,4.59,1.03,9.46,1.0,75.0,hot
medium,12.83,3.13,1.39,8.7,0.8551,75.0,hot
medium,10.87,3.06,1.28,7.84,0.7248,75.0,hot
medium,17.31,5.21,1.46,15.18,1.0,75.0,hot
medium,13.82,4.21,1.26,10.57,0.9216,75.0,hot
medium,11.56,2.59,1.31,6.78,0.7706,75.0,hot
medium,11.51,4.24,1.72,14.59,0.7673,70.38,hot
medium,10.24,4.04,1.43,11.58,0.6826,72.99,hot
medium,16.02,3.98,1.06,8.47,1.0,75.0,hot
medium,11.21,4.04,1.81,14.63,0.7475,69.88,hot
medium,8.36,4.52,1.86,16.78,0.5572,62.36,cold
medium,14.54,4.83,1.29,12.44,0.9694,75.0,hot
medium,14.64,1.57,1.0,3.14,0.9761,75.0,hot
medium,17.83,2.52,1.36,6.88,1.0,75.0,hot
medium,10.84,1.89,1.45,5.46,0.7227,75.0,hot
medium,12.81,4.57,1.64,14.94,0.8541,71.81,hot
medium,15.96,4.36,1.97,17.2,1.0,73.15,hot
medium,11.8,3.92,1.84,14.42,0.7865,71.07,hot
medium,18.79,1.87,1.41,5.25,1.0,75.0,hot
medium,19.07,4.76,1.56,14.84,1.0,75.0,hot
medium,14.35,3.42,1.59,10.87,0.9565,75.0,hot
medium,14.24,3.94,1.52,11.99,0.9495,75.0,hot
medium,12.97,4.8,2.37,22.78,0.8644,60.27,cold
medium,9.67,4.49,1.27,11.41,0.6446,72.39,hot
medium,16.73,4.07,1.73,14.07,1.0,75.0,hot
medium,18.53,4.29,1.84,15.78,1.0,75.0,hot
medium,7.97,6.39,1.61,20.59,0.5311,56.06,cold
medium,18.23,2.17,1.25,5.43,1.0,75.0,hot
medium,15.44,3.97,1.58,12.6,1.0,75.0,hot
medium,18.25,1.35,1.79,4.85,1.0,75.0,hot
medium,15.02,3.69,1.06,7.82,1.0,75.0,hot
medium,16.51,0.5,1.69,1.69,1.0,75.0,hot
medium,10.52,4.08,1.46,11.95,0.7016,72.86,hot
medium,18.51,3.73,1.29,9.64,1.0,75.0,hot
medium,13.48,5.91,1.66,19.63,0.8987,65.78,hot
medium,13.84,3.65,1.03,7.51,0.9229,75.0,hot
medium,16.17,1.36,1.73,4.69,1.0,75.0,hot
medium,15.39,7.58,1.17,17.74,1.0,71.47,hot
medium,14.69,6.7,1.86,24.88,0.9795,59.72,cold
medium,12.91,4.34,1.5,13.01,0.8608,74.85,hot
medium,15.85,2.95,1.47,8.7,1.0,75.0,hot
medium,10.21,4.2,1.64,13.74,0.6804,69.69,hot
medium,14.32,1.58,1.8,5.67,0.9545,75.0,hot
medium,16.09,2.91,1.42,8.24,1.0,75.0,hot
medium,10.5,2.46,1.34,6.59,0.6999,75.0,hot
medium,18.69,3.04,1.69,10.29,1.0,75.0,hot
medium,13.39,4.37,1.46,12.74,0.8923,75.0,hot
medium,17.62,3.2,1.03,6.58,1.0,75.0,hot
medium,10.85,3.2,1.13,7.21,0.7236,75.0,hot
medium,16.23,3.3,2.21,14.61,1.0,75.0,hot
medium,9.79,4.31,1.16,10.0,0.6525,74.68,hot
medium,13.52,4.21,1.0,8.42,0.9013,75.0,hot
medium,15.71,6.85,1.36,18.7,1.0,70.52,hot
medium,15.78,5.54,1.45,16.07,1.0,74.57,hot
medium,13.26,0.59,1.69,1.98,0.8838,75.0,hot
medium,14.66,2.48,1.54,7.63,0.9774,75.0,hot
medium,13.25,3.21,1.68,10.79,0.8833,75.0,hot
medium,10.98,5.57,1.08,12.04,0.7323,73.42,hot
medium,13.01,6.88,1.84,25.31,0.8675,56.55,cold
medium,15.29,2.59,1.34,6.95,1.0,75.0,hot
medium,15.22,4.06,1.47,11.95,1.0,75.0,hot
medium,14.91,3.68,1.07,7.85,0.9938,75.0,hot
medium,13.45,5.37,1.09,11.71,0.8967,75.0,hot
medium,14.43,2.77,1.53,8.5,0.9621,75.0,hot
medium,13.83,6.22,1.65,20.54,0.9223,64.94,cold
medium,11.06,5.01,1.27,12.69,0.7376,72.56,hot
medium,13.27,4.47,1.35,12.09,0.8846,75.0,hot
medium,17.68,2.84,1.31,7.46,1.0,75.0,hot
medium,13.03,3.15,1.83,11.53,0.8687,75.0,hot
medium,16.89,6.56,2.18,28.63,1.0,57.39,cold
medium,11.91,4.11,1.15,9.42,0.7939,75.0,hot
medium,12.67,3.05,1.18,7.23,0.8445,75.0,hot
medium,11.84,3.78,1.13,8.59,0.7896,75.0,hot
medium,17.53,2.62,2.34,12.29,1.0,75.0,hot
medium,13.65,4.11,1.11,9.13,0.9097,75.0,hot
medium,20.12,5.68,1.59,18.05,1.0,75.0,hot
medium,10.96,4.32,1.16,10.04,0.7306,75.0,hot
medium,19.39,5.21,1.53,15.94,1.0,75.0,hot
medium,7.69,2.52,1.71,8.62,0.5127,73.61,hot
medium,18.64,5.66,1.02,11.58,1.0,75.0,hot
medium,15.9,5.52,1.0,11.07,1.0,75.0,hot
medium,14.98,4.41,1.41,12.44,0.9984,75.0,hot
medium,9.44,3.51,1.4,9.84,0.6296,74.4,hot
medium,14.56,3.15,1.37,8.63,0.9704,75.0,hot
medium,14.88,4.66,1.41,13.14,0.9921,75.0,hot
medium,13.77,4.14,1.0,8.28,0.9181,75.0,hot
medium,16.43,4.0,1.51,12.09,1.0,75.0,hot
medium,17.88,1.07,1.0,2.14,1.0,75.0,hot
medium,15.82,3.99,1.55,12.38,1.0,75.0,hot
medium,13.61,5.0,1.78,17.79,0.9076,68.74,hot
medium,16.45,3.61,1.0,7.22,1.0,75.0,hot
medium,17.31,5.83,1.69,19.75,1.0,71.33,hot
medium,12.36,5.01,1.76,17.62,0.8241,67.11,hot
medium,19.68,2.69,1.43,7.69,1.0,75.0,hot
medium,17.24,4.09,1.16,9.52,1.0,75.0,hot
medium,16.24,4.87,1.53,14.86,1.0,75.0,hot
medium,15.66,3.61,1.94,14.04,1.0,75.0,hot
medium,12.3,3.12,1.5,9.38,0.8199,75.0,hot
medium,17.64,1.75,1.11,3.88,1.0,75.0,hot
medium,8.89,4.05,1.16,9.43,0.5925,74.18,hot
medium,13.85,4.99,1.31,13.05,0.9231,75.0,hot
medium,15.69,3.55,1.7,12.08,1.0,75.0,hot
medium,16.43,2.96,1.45,8.59,1.0,75.0,hot
medium,18.13,4.59,1.08,9.92,1.0,75.0,hot
medium,16.97,2.37,1.92,9.13,1.0,75.0,hot
medium,18.07,4.43,1.55,13.72,1.0,75.0,hot
medium,14.37,5.02,1.39,13.94,0.9582,75.0,hot
medium,15.71,5.31,1.33,14.13,1.0,75.0,hot
medium,13.15,2.21,1.18,5.21,0.8768,75.0,hot
medium,9.51,5.09,2.04,20.81,0.6343,58.05,cold
medium,19.28,1.56,1.72,5.36,1.0,75.0,hot
medium,19.27,3.31,1.53,10.15,1.0,75.0,hot
medium,8.98,4.4,1.18,10.39,0.5984,72.88,hot
medium,15.6,1.66,1.66,5.51,1.0,75.0,hot
medium,18.07,2.83,1.16,6.55,1.0,75.0,hot
medium,8.53,3.6,1.33,9.54,0.5688,73.48,hot
medium,10.35,4.68,1.37,12.78,0.6898,71.36,hot
medium,11.77,3.17,1.82,11.54,0.7849,75.0,hot
medium,16.81,3.8,1.69,12.83,1.0,75.0,hot
medium,11.52,4.05,1.54,12.5,0.7678,73.52,hot
medium,13.59,4.65,1.27,11.78,0.906,75.0,hot
medium,16.53,4.83,1.0,9.66,1.0,75.0,hot
medium,18.57,0.5,1.32,1.32,1.0,75.0,hot
medium,18.08,3.52,1.06,7.47,1.0,75.0,hot
medium,11.72,5.54,1.0,11.08,0.7813,75.0,hot
medium,18.39,3.92,1.14,8.95,1.0,75.0,hot
medium,13.25,2.47,1.76,8.71,0.8834,75.0,hot
medium,17.2,1.42,1.38,3.92,1.0,75.0,hot
medium,12.41,5.94,1.09,13.01,0.8274,74.1,hot
medium,19.81,3.95,1.15,9.1,1.0,75.0,hot
medium,12.97,2.8,1.12,6.25,0.8645,75.0,hot
medium,15.28,2.16,1.0,4.32,1.0,75.0,hot
medium,13.86,1.3,1.27,3.3,0.9241,75.0,hot
medium,12.27,2.69,2.1,11.31,0.8182,75.0,hot
medium,15.17,4.37,1.0,8.74,1.0,75.0,hot
medium,13.04,4.32,1.19,10.31,0.8692,75.0,hot
medium,17.72,2.2,1.41,6.21,1.0,75.0,hot
medium,13.24,4.25,1.31,11.11,0.8828,75.0,hot
medium,14.19,3.65,1.28,9.33,0.9458,75.0,hot
medium,16.46,4.36,1.47,12.84,1.0,75.0,hot
medium,13.71,5.19,1.43,14.85,0.9139,73.29,hot
medium,14.08,4.16,2.01,16.7,0.9387,71.07,hot
medium,10.98,5.15,1.0,10.31,0.7319,75.0,hot
medium,15.65,6.36,1.65,20.95,1.0,67.05,hot
medium,15.51,3.16,1.51,9.54,1.0,75.0,hot
medium,14.24,2.82,1.41,7.97,0.9496,75.0,hot
medium,15.6,2.85,1.26,7.17,1.0,75.0,hot
medium,10.92,4.59,1.66,15.26,0.728,68.49,hot
medium,15.69,5.45,1.53,16.63,1.0,73.6,hot
medium,16.18,4.46,1.47,13.12,1.0,75.0,hot
medium,13.41,7.32,1.36,19.98,0.8938,65.14,hot
medium,13.0,4.65,1.58,14.66,0.8668,72.52,hot
medium,10.79,5.68,1.47,16.73,0.719,66.08,hot
medium,11.67,5.78,1.69,19.52,0.7778,63.22,cold
medium,11.21,6.67,1.7,22.63,0.7471,57.86,cold
medium,14.97,6.39,1.55,19.77,0.998,67.8,hot
medium,14.92,3.01,1.67,10.08,0.9944,75.0,hot
medium,16.43,4.02,1.26,10.16,1.0,75.0,hot
medium,15.39,3.9,1.1,8.57,1.0,75.0,hot
medium,10.58,4.85,1.0,9.7,0.7056,75.0,hot
medium,15.62,3.28,1.89,12.43,1.0,75.0,hot
medium,13.52,4.99,1.38,13.78,0.9013,74.61,hot
medium,15.34,5.11,1.36,13.9,1.0,75.0,hot
medium,17.99,2.51,1.59,7.97,1.0,75.0,hot
medium,17.77,4.99,2.07,20.71,1.0,70.59,hot
medium,12.71,1.93,1.2,4.64,0.8473,75.0,hot
medium,16.98,4.75,1.53,14.53,1.0,75.0,hot
medium,11.63,5.15,1.13,11.67,0.7754,74.95,hot
medium,18.48,8.29,1.61,26.68,1.0,62.69,cold
medium,16.75,3.26,1.0,6.52,1.0,75.0,hot
medium,13.19,2.36,1.07,5.03,0.8795,75.0,hot
medium,20.17,4.41,1.61,14.23,1.0,75.0,hot
medium,14.07,3.74,1.79,13.39,0.9382,75.0,hot
medium,14.9,4.8,1.44,13.82,0.9935,75.0,hot
medium,13.97,1.89,1.0,3.78,0.9316,75.0,hot
medium,14.22,4.08,1.11,9.1,0.9477,75.0,hot
medium,14.9,4.08,1.0,8.16,0.9931,75.0,hot
medium,12.25,4.61,1.62,14.9,0.817,71.03,hot
medium,11.54,4.24,1.81,15.31,0.7693,69.34,hot
medium,17.33,3.86,1.36,10.49,1.0,75.0,hot
medium,13.11,4.7,1.56,14.66,0.8741,72.68,hot
medium,16.89,4.2,1.75,14.66,1.0,75.0,hot
medium,15.28,5.18,1.76,18.24,1.0,70.57,hot
medium,12.59,1.29,1.96,5.06,0.8391,75.0,hot
medium,15.77,1.43,1.29,3.67,1.0,75.0,hot
medium,17.32,3.58,1.35,9.64,1.0,75.0,hot
medium,19.2,2.43,1.26,6.12,1.0,75.0,hot
medium,15.63,4.59,1.65,15.12,1.0,75.0,hot
medium,17.73,4.3,1.65,14.16,1.0,75.0,hot
medium,14.22,4.09,1.53,12.55,0.9482,75.0,hot
medium,15.65,5.16,1.67,17.19,1.0,72.68,hot
medium,15.13,2.79,1.52,8.47,1.0,75.0,hot
medium,14.92,4.29,2.16,18.55,0.9944,69.55,hot
medium,13.43,4.63,1.82,16.87,0.8952,69.84,hot
medium,15.29,7.51,1.39,20.82,1.0,66.71,hot
medium,15.97,2.8,1.39,7.81,1.0,75.0,hot
medium,15.75,5.27,1.6,16.82,1.0,73.39,hot
medium,18.78,3.86,1.4,10.8,1.0,75.0,hot
medium,23.11,4.59,1.28,11.79,1.0,75.0,hot
medium,12.92,2.59,1.78,9.21,0.8611,75.0,hot
medium,13.91,4.19,1.48,12.41,0.9271,75.0,hot
medium,17.19,2.73,1.18,6.43,1.0,75.0,hot
medium,15.67,4.9,1.6,15.68,1.0,74.99,hot
medium,12.57,5.02,1.28,12.81,0.8381,74.64,hot
medium,13.44,2.58,1.89,9.77,0.8957,75.0,hot
medium,16.9,4.91,1.87,18.39,1.0,72.76,hot
medium,23.44,1.44,1.28,3.67,1.0,75.0,hot
medium,13.15,2.72,1.18,6.41,0.8768,75.0,hot
medium,14.1,2.18,1.6,6.96,0.9401,75.0,hot
medium,15.16,4.72,1.65,15.6,1.0,74.33,hot
medium,16.81,3.44,2.14,14.7,1.0,75.0,hot
medium,15.7,1.21,1.2,2.89,1.0,75.0,hot
medium,9.78,4.03,1.46,11.78,0.6519,71.99,hot
medium,13.59,7.02,1.66,23.36,0.9063,60.35,cold
medium,17.18,2.6,1.2,6.25,1.0,75.0,hot
medium,15.11,4.26,1.0,8.52,1.0,75.0,hot
medium,14.46,4.02,1.44,11.54,0.9639,75.0,hot
medium,12.56,3.19,1.45,9.23,0.8373,75.0,hot
medium,15.27,4.91,1.82,17.9,1.0,71.05,hot
medium,14.12,3.32,1.63,10.82,0.9411,75.0,hot
medium,16.83,3.35,1.74,11.63,1.0,75.0,hot
medium,17.94,5.94,2.03,24.15,1.0,65.69,hot
medium,12.4,4.02,1.5,12.09,0.8267,75.0,hot
medium,14.71,3.03,1.05,6.38,0.9804,75.0,hot
medium,15.28,2.85,1.53,8.69,1.0,75.0,hot
medium,12.62,2.35,1.57,7.38,0.8412,75.0,hot
medium,15.45,4.87,2.16,20.99,1.0,66.69,hot
medium,15.83,4.73,1.18,11.13,1.0,75.0,hot
medium,11.14,6.37,1.22,15.59,0.7426,68.32,hot
medium,11.87,3.94,1.47,11.61,0.7912,75.0,hot
medium,12.29,3.54,1.87,13.24,0.8195,73.58,hot
medium,12.58,1.91,1.78,6.81,0.8388,75.0,hot
medium,16.48,3.07,1.03,6.29,1.0,75.0,hot
medium,12.77,3.92,1.85,14.49,0.8511,72.41,hot
medium,11.89,3.87,1.7,13.19,0.7927,73.05,hot
medium,7.86,5.55,1.15,12.71,0.5237,67.71,hot
medium,16.0,4.37,1.83,15.95,1.0,75.0,hot
medium,16.65,0.5,1.26,1.26,1.0,75.0,hot
medium,15.41,3.71,1.64,12.19,1.0,75.0,hot
medium,17.37,4.91,1.44,14.11,1.0,75.0,hot
medium,9.46,3.32,1.62,10.78,0.6307,73.02,hot
medium,11.73,4.95,1.77,17.54,0.7819,66.29,hot
medium,15.38,0.5,1.12,1.12,1.0,75.0,hot
medium,20.66,3.18,1.0,6.36,1.0,75.0,hot
medium,18.71,4.02,1.83,14.73,1.0,75.0,hot
medium,15.83,4.69,1.61,15.08,1.0,75.0,hot
medium,17.09,7.42,1.79,26.57,1.0,60.79,cold
medium,10.26,4.67,1.84,17.21,0.6839,64.58,cold
medium,18.61,3.36,1.85,12.43,1.0,75.0,hot
medium,17.78,7.86,1.27,20.04,1.0,71.62,hot
medium,13.48,3.54,1.35,9.58,0.8985,75.0,hot
medium,12.33,0.5,1.37,1.37,0.822,75.0,hot
medium,16.11,3.26,2.08,13.57,1.0,75.0,hot
medium,15.04,5.94,1.58,18.74,1.0,69.45,hot
medium,17.48,4.42,1.91,16.89,1.0,75.0,hot
medium,15.17,4.74,1.61,15.28,1.0,74.84,hot
medium,14.14,4.61,2.17,20.0,0.9423,66.2,hot
medium,14.19,4.63,1.88,17.38,0.9459,70.21,hot
medium,18.42,4.02,1.0,8.04,1.0,75.0,hot
medium,16.55,0.67,1.94,2.6,1.0,75.0,hot
medium,15.51,5.5,1.23,13.52,1.0,75.0,hot
medium,10.34,4.39,1.49,13.08,0.6895,70.89,hot
medium,13.53,4.13,2.33,19.23,0.9017,66.44,hot
medium,17.5,5.57,1.75,19.55,1.0,71.94,hot
medium,19.44,3.71,1.0,7.43,1.0,75.0,hot
medium,14.43,5.22,1.21,12.62,0.9623,75.0,hot
medium,14.47,2.96,1.95,11.56,0.9647,75.0,hot
medium,17.25,4.98,1.69,16.79,1.0,75.0,hot
medium,14.89,4.3,1.14,9.83,0.9926,75.0,hot
medium,8.44,4.23,1.6,13.5,0.5627,67.42,hot
medium,18.63,6.36,1.97,25.06,1.0,65.35,hot
medium,12.01,3.47,1.64,11.42,0.8004,75.0,hot
medium,22.6,6.22,1.84,22.84,1.0,74.64,hot
medium,13.84,2.68,1.74,9.29,0.9224,75.0,hot
medium,11.7,3.64,1.47,10.68,0.7799,75.0,hot
medium,19.78,3.47,1.0,6.94,1.0,75.0,hot
medium,16.51,2.95,1.51,8.93,1.0,75.0,hot
medium,14.74,3.59,1.74,12.47,0.9827,75.0,hot
medium,10.4,3.22,1.71,11.0,0.6934,74.11,hot
medium,13.16,1.59,1.7,5.4,0.8772,75.0,hot
medium,18.37,3.93,1.0,7.87,1.0,75.0,hot
medium,17.12,1.51,1.59,4.81,1.0,75.0,hot
medium,12.34,2.26,1.37,6.18,0.8225,75.0,hot
medium,14.45,3.03,1.68,10.17,0.9633,75.0,hot
medium,13.66,5.47,1.58,17.33,0.9108,69.49,hot
medium,12.91,2.7,1.01,5.43,0.8605,75.0,hot
medium,15.87,3.47,1.0,6.94,1.0,75.0,hot
medium,13.39,2.65,1.97,10.45,0.8929,75.0,hot
medium,9.89,1.84,1.83,6.74,0.6594,75.0,hot
medium,19.07,2.88,1.31,7.55,1.0,75.0,hot
medium,16.85,0.51,1.0,1.02,1.0,75.0,hot
medium,14.16,6.32,1.37,17.32,0.9439,70.26,hot
medium,15.3,5.7,2.13,24.31,1.0,61.49,cold
medium,13.27,3.97,2.05,16.27,0.8846,70.5,hot
medium,10.43,5.54,1.19,13.24,0.6956,70.79,hot
medium,15.31,3.64,1.21,8.82,1.0,75.0,hot
medium,12.05,4.41,1.8,15.88,0.8034,69.25,hot
medium,14.61,4.11,1.67,13.72,0.9741,75.0,hot
medium,12.09,5.11,1.75,17.84,0.8057,66.37,hot
medium,22.81,3.44,1.36,9.36,1.0,75.0,hot
medium,17.31,5.23,1.34,14.01,1.0,75.0,hot
medium,13.79,4.81,1.25,12.05,0.9194,75.0,hot
medium,13.77,4.13,1.8,14.87,0.9179,73.34,hot
medium,13.19,1.24,1.0,2.47,0.8791,75.0,hot
medium,11.22,2.03,1.45,5.9,0.7481,75.0,hot
medium,11.43,2.95,1.27,7.47,0.7622,75.0,hot
medium,13.68,5.98,1.7,20.33,0.9119,65.03,hot
medium,15.05,3.31,1.37,9.07,1.0,75.0,hot
medium,15.98,4.88,1.23,11.97,1.0,75.0,hot
medium,15.11,0.95,1.56,2.98,1.0,75.0,hot
medium,17.29,3.58,2.04,14.64,1.0,75.0,hot
medium,12.36,4.33,1.49,12.89,0.8238,74.21,hot
medium,14.7,3.83,1.53,11.73,0.9799,75.0,hot
medium,17.54,6.07,1.5,18.19,1.0,74.03,hot
medium,17.45,2.95,1.73,10.2,1.0,75.0,hot
medium,12.71,5.64,2.16,24.38,0.8476,57.5,cold
medium,14.63,0.71,1.34,1.9,0.9756,75.0,hot
medium,18.7,4.83,1.57,15.21,1.0,75.0,hot
medium,18.03,4.73,1.87,17.63,1.0,75.0,hot
medium,17.76,6.28,1.61,20.2,1.0,71.34,hot
medium,17.72,3.54,1.32,9.34,1.0,75.0,hot
medium,20.12,4.32,1.74,15.06,1.0,75.0,hot
medium,15.37,3.12,1.5,9.38,1.0,75.0,hot
medium,19.31,4.83,1.0,9.67,1.0,75.0,hot
medium,14.35,6.67,1.44,19.16,0.957,67.79,hot
medium,9.6,6.84,1.7,23.32,0.6399,54.42,cold
medium,14.79,3.44,1.82,12.56,0.986,75.0,hot
medium,13.37,5.72,1.66,19.03,0.8916,66.52,hot
medium,15.73,4.22,1.45,12.21,1.0,75.0,hot
medium,18.14,2.7,1.01,5.48,1.0,75.0,hot
medium,16.84,4.95,1.64,16.27,1.0,75.0,hot
medium,16.22,3.52,1.74,12.22,1.0,75.0,hot
medium,14.86,3.27,1.41,9.2,0.9909,75.0,hot
medium,21.06,1.4,1.65,4.61,1.0,75.0,hot
medium,9.96,3.84,1.37,10.51,0.6642,74.17,hot
medium,8.74,4.58,1.39,12.71,0.583,69.06,hot
medium,8.7,5.26,1.93,20.31,0.5802,57.59,cold
medium,19.47,4.54,1.51,13.74,1.0,75.0,hot
medium,18.98,6.52,1.84,24.01,1.0,67.47,hot
medium,12.18,4.3,1.63,14.04,0.8117,72.2,hot
medium,9.57,4.7,2.18,20.53,0.6381,58.57,cold
medium,16.92,6.21,1.55,19.31,1.0,71.41,hot
medium,14.78,4.57,1.26,11.48,0.9854,75.0,hot
medium,12.11,5.9,1.91,22.56,0.8072,59.33,cold
medium,12.03,5.45,1.47,16.07,0.8018,68.93,hot
medium,16.02,4.69,1.8,16.87,1.0,73.73,hot
medium,15.25,6.12,1.59,19.48,1.0,68.65,hot
medium,16.87,2.75,2.15,11.81,1.0,75.0,hot
medium,16.41,5.07,1.02,10.32,1.0,75.0,hot
medium,12.53,5.86,1.59,18.58,0.8355,65.93,hot
medium,9.26,5.56,1.34,14.86,0.6172,66.6,hot
medium,19.23,3.87,1.56,12.08,1.0,75.0,hot
medium,18.54,2.65,1.2,6.38,1.0,75.0,hot
medium,14.41,5.24,1.1,11.54,0.9607,75.0,hot
medium,10.0,5.24,1.32,13.81,0.6664,69.27,hot
medium,13.82,1.21,1.3,3.15,0.9216,75.0,hot
medium,14.98,5.4,1.27,13.69,0.9985,75.0,hot
medium,19.97,2.97,1.3,7.7,1.0,75.0,hot
medium,19.61,4.32,1.33,11.52,1.0,75.0,hot
medium,14.53,6.03,1.94,23.39,0.969,61.71,cold
medium,12.55,3.94,1.53,12.02,0.8366,75.0,hot
medium,12.04,3.92,1.5,11.76,0.8028,75.0,hot
medium,18.42,5.81,1.4,16.29,1.0,75.0,hot
medium,14.36,5.0,1.32,13.24,0.9572,75.0,hot
medium,16.77,3.87,1.21,9.35,1.0,75.0,hot
medium,12.13,6.17,1.45,17.93,0.8086,66.3,hot
medium,19.92,3.23,1.59,10.25,1.0,75.0,hot
medium,22.18,2.41,1.0,4.83,1.0,75.0,hot
medium,18.86,2.76,1.49,8.25,1.0,75.0,hot
medium,13.24,4.4,1.21,10.7,0.8828,75.0,hot
medium,14.46,4.67,1.2,11.2,0.964,75.0,hot
medium,12.9,3.48,1.07,7.45,0.86,75.0,hot
medium,13.73,4.18,1.38,11.53,0.9155,75.0,hot
medium,14.19,3.97,1.3,10.35,0.9457,75.0,hot
medium,17.07,6.15,1.36,16.75,1.0,75.0,hot
medium,16.46,3.64,1.61,11.72,1.0,75.0,hot
medium,19.7,4.76,1.0,9.53,1.0,75.0,hot
medium,16.36,5.85,1.43,16.77,1.0,74.39,hot
medium,17.99,2.96,1.05,6.25,1.0,75.0,hot
medium,15.42,1.37,1.43,3.9,1.0,75.0,hot
medium,18.86,1.14,1.12,2.53,1.0,75.0,hot
medium,11.9,3.91,1.39,10.86,0.7936,75.0,hot
medium,19.2,5.43,1.65,17.91,1.0,75.0,hot
medium,15.44,4.59,1.24,11.4,1.0,75.0,hot
medium,17.57,2.33,1.75,8.16,1.0,75.0,hot
medium,18.56,4.32,1.45,12.49,1.0,75.0,hot
medium,16.2,0.5,1.59,1.59,1.0,75.0,hot
medium,14.66,3.92,1.71,13.44,0.9773,75.0,hot
medium,14.78,2.29,1.46,6.67,0.985,75.0,hot
medium,15.2,4.17,1.55,12.92,1.0,75.0,hot
medium,18.12,2.37,1.55,7.36,1.0,75.0,hot
medium,18.87,1.4,1.55,4.34,1.0,75.0,hot
medium,13.24,3.44,1.23,8.46,0.8829,75.0,hot
medium,14.49,6.76,1.12,15.16,0.9661,74.0,hot
medium,11.49,2.05,2.02,8.26,0.7661,75.0,hot
medium,13.61,3.96,1.38,10.93,0.9075,75.0,hot
medium,12.17,3.65,2.24,16.32,0.8111,68.77,hot
medium,19.18,2.72,1.69,9.22,1.0,75.0,hot
medium,12.51,1.34,1.81,4.82,0.8337,75.0,hot
medium,18.48,5.57,1.36,15.14,1.0,75.0,hot
medium,14.5,5.12,1.62,16.58,0.9666,71.88,hot
medium,13.82,1.57,1.53,4.82,0.9213,75.0,hot
medium,18.24,2.2,1.69,7.46,1.0,75.0,hot
medium,15.99,5.13,1.76,18.06,1.0,71.91,hot
medium,12.92,1.57,1.34,4.22,0.8611,75.0,hot
medium,17.67,3.19,1.29,8.23,1.0,75.0,hot
medium,9.54,6.63,1.75,23.17,0.6357,54.55,cold
medium,17.31,5.45,1.67,18.24,1.0,73.6,hot
medium,14.27,3.75,1.37,10.3,0.9511,75.0,hot
medium,22.9,4.83,1.36,13.16,1.0,75.0,hot
medium,16.4,2.48,1.95,9.69,1.0,75.0,hot
medium,13.02,4.75,1.82,17.29,0.8678,68.58,hot
medium,16.15,4.14,1.5,12.45,1.0,75.0,hot
medium,14.83,3.13,1.37,8.56,0.9887,75.0,hot
medium,19.44,3.84,1.26,9.7,1.0,75.0,hot
medium,13.45,5.65,1.7,19.24,0.8967,66.31,hot
medium,16.68,3.61,1.67,12.08,1.0,75.0,hot
medium,13.07,3.61,1.79,12.93,0.8713,75.0,hot
medium,17.62,2.53,1.24,6.28,1.0,75.0,hot
medium,15.33,6.59,1.0,13.18,1.0,75.0,hot
medium,15.83,1.94,1.31,5.07,1.0,75.0,hot
medium,13.91,3.37,1.34,9.03,0.9271,75.0,hot
medium,15.02,3.2,1.06,6.79,1.0,75.0,hot
medium,17.34,5.13,1.75,17.98,1.0,74.04,hot
medium,10.38,4.45,1.7,15.15,0.6919,67.84,hot
medium,11.91,4.01,1.47,11.76,0.7938,75.0,hot
medium,20.53,6.89,1.0,13.78,1.0,75.0,hot
medium,22.48,2.63,1.79,9.43,1.0,75.0,hot
medium,17.91,2.51,1.65,8.26,1.0,75.0,hot
medium,14.68,4.83,1.57,15.16,0.9785,74.27,hot
medium,18.59,4.11,1.45,11.93,1.0,75.0,hot
medium,18.29,4.87,1.72,16.75,1.0,75.0,hot
medium,13.01,2.43,1.33,6.47,0.8671,75.0,hot
medium,13.14,5.18,1.79,18.57,0.8758,66.85,hot
medium,14.53,6.15,1.91,23.49,0.969,61.57,cold
medium,15.73,2.77,1.97,10.92,1.0,75.0,hot
medium,14.82,4.19,1.4,11.71,0.9878,75.0,hot
medium,12.33,1.8,1.69,6.07,0.822,75.0,hot
medium,12.65,8.59,1.17,20.17,0.8433,63.72,cold
medium,11.23,4.77,1.96,18.67,0.7485,63.84,cold
medium,15.19,4.86,1.0,9.72,1.0,75.0,hot
medium,12.97,2.39,1.0,4.78,0.8645,75.0,hot
medium,15.35,0.64,1.1,1.4,1.0,75.0,hot
medium,13.39,2.75,1.62,8.91,0.8926,75.0,hot
medium,15.92,5.34,1.73,18.43,1.0,71.23,hot
medium,18.42,4.0,1.59,12.72,1.0,75.0,hot
medium,16.53,4.21,1.38,11.63,1.0,75.0,hot
medium,14.0,2.77,1.63,9.02,0.9335,75.0,hot
medium,14.72,3.01,1.3,7.82,0.9812,75.0,hot
medium,11.37,5.47,1.52,16.66,0.7579,67.06,hot
medium,12.41,5.21,1.33,13.89,0.8274,72.79,hot
medium,10.78,5.53,1.34,14.81,0.7187,68.95,hot
medium,13.77,4.06,1.84,14.97,0.9182,73.21,hot
medium,15.06,2.2,1.66,7.32,1.0,75.0,hot
medium,13.55,6.83,1.5,20.49,0.903,64.58,cold
medium,8.29,4.54,2.08,18.9,0.553,59.09,cold
medium,19.73,6.75,1.19,16.11,1.0,75.0,hot
medium,17.74,2.92,1.57,9.14,1.0,75.0,hot
medium,11.18,3.03,1.3,7.87,0.7454,75.0,hot
medium,17.7,5.2,1.58,16.47,1.0,75.0,hot
medium,10.95,3.53,1.28,9.02,0.7299,75.0,hot
medium,17.61,5.77,1.82,20.96,1.0,69.98,hot
medium,12.73,0.5,1.0,1.0,0.849,75.0,hot
medium,19.26,3.4,1.27,8.66,1.0,75.0,hot
medium,19.93,5.9,1.51,17.78,1.0,75.0,hot
medium,14.12,3.8,1.57,11.92,0.9413,75.0,hot
medium,19.8,4.63,1.72,15.92,1.0,75.0,hot
medium,18.51,2.25,1.73,7.75,1.0,75.0,hot
medium,14.12,0.5,1.0,1.0,0.9411,75.0,hot
medium,11.95,4.8,1.53,14.72,0.7964,70.84,hot
medium,15.55,6.93,1.12,15.51,1.0,75.0,hot
medium,14.92,4.46,1.28,11.4,0.9945,75.0,hot
medium,15.08,1.6,1.92,6.15,1.0,75.0,hot
medium,12.96,7.05,1.49,21.0,0.8637,62.93,cold
medium,18.08,3.92,1.49,11.69,1.0,75.0,hot
medium,13.25,4.18,1.6,13.33,0.8832,74.87,hot
medium,12.65,3.81,1.32,10.04,0.8431,75.0,hot
medium,21.9,3.87,1.96,15.18,1.0,75.0,hot
medium,14.41,4.39,1.1,9.69,0.9609,75.0,hot
medium,13.66,4.32,1.98,17.05,0.9106,69.91,hot
medium,15.67,6.08,1.69,20.56,1.0,67.66,hot
medium,19.88,3.91,2.22,17.34,1.0,75.0,hot
medium,13.54,2.85,1.14,6.48,0.9029,75.0,hot
medium,21.99,5.23,1.4,14.64,1.0,75.0,hot
hard,21.25,6.72,2.5,33.6,1.0,50.3,cold
hard,7.26,4.34,1.57,13.61,0.4841,62.31,cold
hard,5.13,7.65,1.66,25.47,0.3421,34.31,cold
hard,18.7,10.9,1.62,35.39,1.0,41.62,cold
hard,12.89,5.3,2.29,24.3,0.8596,52.19,cold
hard,12.17,3.42,2.33,15.94,0.8111,67.45,hot
hard,16.89,0.5,1.19,1.19,1.0,75.0,hot
hard,22.51,6.0,1.42,17.04,1.0,75.0,hot
hard,14.15,5.03,2.17,21.82,0.9432,59.65,cold
hard,8.21,2.9,1.94,11.22,0.5472,68.97,hot
hard,14.5,6.43,1.19,15.24,0.9667,73.52,hot
hard,16.79,7.73,2.04,31.59,1.0,45.4,cold
hard,15.7,4.76,1.38,13.16,1.0,75.0,hot
hard,14.64,8.15,1.74,28.37,0.976,47.55,cold
hard,10.55,3.77,1.9,14.33,0.7034,67.45,hot
hard,13.13,6.21,2.06,25.62,0.8755,50.03,cold
hard,19.44,8.56,2.3,39.34,1.0,35.22,cold
hard,10.33,2.74,1.76,9.66,0.6886,75.0,hot
hard,12.74,2.15,1.58,6.8,0.8496,75.0,hot
hard,12.63,3.32,1.64,10.9,0.8418,75.0,hot
hard,20.89,5.5,2.5,27.49,1.0,61.8,cold
hard,15.85,4.27,1.8,15.41,1.0,75.0,hot
hard,16.28,6.09,2.5,30.44,1.0,46.68,cold
hard,10.77,7.15,1.9,27.22,0.7182,42.11,cold
hard,7.14,6.93,2.43,33.72,0.4763,21.86,cold
hard,10.71,4.98,1.0,9.96,0.7143,75.0,hot
hard,8.71,7.62,1.57,23.88,0.5804,44.66,cold
hard,9.46,5.57,1.54,17.15,0.6304,59.61,cold
hard,12.65,6.85,1.22,16.7,0.8431,66.9,hot
hard,10.47,5.39,2.28,24.61,0.6982,46.73,cold
hard,21.19,3.34,2.27,15.14,1.0,75.0,hot
hard,11.08,9.57,1.23,23.59,0.7386,49.98,cold
hard,21.64,3.36,2.5,16.79,1.0,75.0,hot
hard,17.96,2.46,1.54,7.57,1.0,75.0,hot
hard,18.91,7.63,1.76,26.93,1.0,58.94,cold
hard,15.22,6.9,1.87,25.73,1.0,53.98,cold
hard,8.53,2.97,1.92,11.38,0.5688,69.3,hot
hard,21.08,9.04,2.19,39.59,1.0,37.97,cold
hard,16.44,6.87,1.47,20.16,1.0,67.56,hot
hard,14.23,2.94,1.18,6.91,0.9489,75.0,hot
hard,16.67,5.46,2.14,23.43,1.0,61.48,cold
hard,17.73,5.61,2.08,23.3,1.0,63.85,cold
hard,14.79,6.03,1.44,17.34,0.9858,69.9,hot
hard,16.85,6.67,1.47,19.55,1.0,69.6,hot
hard,15.26,3.44,1.54,10.58,1.0,75.0,hot
hard,9.38,8.16,2.33,38.09,0.625,17.57,cold
hard,17.69,9.93,1.71,33.87,1.0,42.63,cold
hard,30.16,4.43,1.93,17.08,1.0,75.0,hot
hard,13.01,5.93,2.22,26.31,0.8674,48.41,cold
hard,14.43,9.44,1.92,36.25,0.962,31.36,cold
hard,16.35,2.73,2.01,10.96,1.0,75.0,hot
hard,14.33,3.48,1.41,9.82,0.9553,75.0,hot
hard,28.36,4.34,1.07,9.3,1.0,75.0,hot
hard,11.51,4.87,2.07,20.2,0.7673,57.62,cold
hard,17.77,6.69,1.48,19.77,1.0,71.0,hot
hard,16.7,2.81,1.49,8.37,1.0,75.0,hot
hard,10.41,2.03,2.33,9.46,0.6941,75.0,hot
hard,18.44,7.44,1.82,27.08,1.0,57.72,cold
hard,18.88,0.6,2.23,2.66,1.0,75.0,hot
hard,15.89,6.57,1.99,26.14,1.0,54.49,cold
hard,10.06,1.25,1.44,3.62,0.671,75.0,hot
hard,17.82,6.73,1.12,15.01,1.0,75.0,hot
hard,10.09,3.19,1.62,10.35,0.673,74.49,hot
hard,8.19,1.44,1.39,4.01,0.546,75.0,hot
hard,15.43,2.05,1.74,7.14,1.0,75.0,hot
hard,20.29,1.75,1.7,5.92,1.0,75.0,hot
hard,20.12,3.95,1.51,11.97,1.0,75.0,hot
hard,20.82,4.23,2.35,19.92,1.0,75.0,hot
hard,17.14,4.14,2.04,16.9,1.0,75.0,hot
hard,16.6,7.55,1.53,23.05,1.0,62.11,cold
hard,15.21,4.85,2.15,20.86,1.0,63.69,cold
hard,9.87,7.54,2.03,30.67,0.6583,33.41,cold
hard,8.42,8.02,2.5,40.1,0.561,11.62,cold
hard,20.01,8.57,1.84,31.57,1.0,51.87,cold
hard,6.69,0.5,1.93,1.93,0.4462,75.0,hot
hard,12.04,2.71,1.77,9.6,0.8027,75.0,hot
hard,18.08,1.37,1.58,4.31,1.0,75.0,hot
hard,22.55,2.31,2.23,10.33,1.0,75.0,hot
hard,12.58,6.36,2.35,29.9,0.8384,40.36,cold
hard,18.71,7.27,1.22,17.81,1.0,75.0,hot
hard,20.57,2.87,1.93,11.07,1.0,75.0,hot
hard,16.29,6.21,1.97,24.46,1.0,58.66,cold
hard,10.78,1.63,2.24,7.27,0.7187,75.0,hot
hard,15.93,7.87,1.78,27.99,1.0,50.87,cold
hard,7.97,7.42,1.61,23.95,0.5316,43.05,cold
hard,16.71,3.38,2.5,16.91,1.0,74.61,hot
hard,10.62,4.16,1.85,15.41,0.7078,65.41,hot
hard,9.54,5.83,2.5,29.13,0.6359,35.82,cold
hard,12.55,5.99,1.0,11.98,0.8365,75.0,hot
hard,14.81,4.22,1.39,11.73,0.987,75.0,hot
hard,20.41,4.18,1.71,14.32,1.0,75.0,hot
hard,13.11,0.5,1.23,1.23,0.8743,75.0,hot
hard,19.81,0.5,1.42,1.42,1.0,75.0,hot
hard,13.0,9.36,2.18,40.89,0.8668,19.23,cold
hard,12.21,8.26,1.43,23.62,0.8143,52.18,cold
hard,20.05,1.6,2.34,7.49,1.0,75.0,hot
hard,12.97,2.43,1.69,8.22,0.8646,75.0,hot
hard,16.39,3.76,2.08,15.63,1.0,75.0,hot
hard,12.09,6.55,2.02,26.48,0.8057,46.21,cold
hard,14.7,3.9,1.88,14.62,0.9797,75.0,hot
hard,17.75,10.15,2.27,46.1,1.0,18.31,cold
hard,19.88,12.72,2.06,52.36,1.0,10.04,cold
hard,17.42,6.76,1.3,17.52,1.0,74.82,hot
hard,12.78,3.73,2.12,15.86,0.852,68.83,hot
hard,14.13,5.35,2.34,25.06,0.9419,53.14,cold
hard,19.32,4.6,1.47,13.47,1.0,75.0,hot
hard,20.68,6.93,1.0,13.87,1.0,75.0,hot
hard,13.43,5.41,2.19,23.71,0.8956,54.46,cold
hard,19.55,5.71,2.09,23.9,1.0,66.31,hot
hard,15.32,3.32,1.67,11.07,1.0,75.0,hot
hard,15.09,4.91,1.0,9.83,1.0,75.0,hot
hard,13.01,5.14,1.66,17.06,0.8675,66.91,hot
hard,13.77,6.22,1.26,15.68,0.9177,71.17,hot
hard,6.86,4.13,2.18,18.02,0.4573,52.68,cold
hard,23.44,6.96,1.07,14.83,1.0,75.0,hot
hard,13.84,5.64,1.89,21.31,0.9225,60.05,cold
hard,17.7,2.71,1.83,9.92,1.0,75.0,hot
hard,17.1,7.06,1.4,19.74,1.0,69.72,hot
hard,13.27,0.5,1.49,1.49,0.8849,75.0,hot
hard,12.38,2.45,1.88,9.23,0.8252,75.0,hot
hard,14.72,0.5,1.91,1.91,0.9814,75.0,hot
hard,10.36,6.21,1.16,14.41,0.6906,66.91,hot
hard,15.15,4.29,1.95,16.75,1.0,71.8,hot
hard,15.62,4.36,1.03,9.0,1.0,75.0,hot
hard,7.61,3.54,1.8,12.72,0.5076,64.8,cold
hard,11.96,6.56,1.66,21.79,0.7973,55.33,cold
hard,10.17,4.3,1.91,16.47,0.6783,62.41,cold
hard,16.62,9.7,1.47,28.42,1.0,51.41,cold
hard,14.63,6.07,1.79,21.69,0.9755,60.88,cold
hard,12.5,1.13,1.54,3.48,0.8331,75.0,hot
hard,9.63,0.68,1.4,1.92,0.6421,75.0,hot
hard,9.76,6.46,2.1,27.14,0.651,40.26,cold
hard,10.48,4.35,1.0,8.7,0.6987,75.0,hot
hard,12.53,6.0,2.21,26.54,0.8352,46.98,cold
hard,11.43,7.63,1.04,15.9,0.7623,66.06,hot
hard,8.76,6.77,2.5,33.87,0.5841,24.78,cold
hard,17.47,4.9,1.0,9.8,1.0,75.0,hot
hard,5.0,5.32,1.62,17.26,0.3333,50.48,cold
hard,9.47,5.16,1.86,19.18,0.6314,55.57,cold
hard,19.72,5.34,2.41,25.79,1.0,62.86,cold
hard,15.04,4.71,2.33,21.98,1.0,61.13,cold
hard,10.11,12.04,1.99,47.85,0.6739,0.0,cold
hard,16.9,6.31,2.5,31.56,1.0,45.68,cold
hard,18.96,0.99,2.5,4.94,1.0,75.0,hot
hard,13.3,5.27,1.16,12.23,0.8864,75.0,hot
hard,17.63,3.37,1.85,12.48,1.0,75.0,hot
hard,13.58,9.81,2.5,49.06,0.9053,4.03,cold
hard,15.23,5.16,1.61,16.65,1.0,72.17,hot
hard,20.53,4.18,1.59,13.28,1.0,75.0,hot
hard,19.89,3.65,1.78,13.02,1.0,75.0,hot
hard,7.09,6.76,2.5,33.8,0.4729,21.58,cold
hard,18.61,8.65,1.38,23.83,1.0,64.55,cold
hard,16.18,2.64,1.69,8.91,1.0,75.0,hot
hard,18.86,5.25,1.09,11.49,1.0,75.0,hot
hard,8.42,1.55,2.05,6.33,0.5617,75.0,hot
hard,25.32,8.41,1.0,16.81,1.0,75.0,hot
hard,22.11,7.34,1.03,15.08,1.0,75.0,hot
hard,13.48,7.74,2.08,32.12,0.8989,37.73,cold
hard,8.45,6.53,1.0,13.05,0.5636,65.8,hot
hard,13.89,7.84,1.81,28.39,0.9257,46.0,cold
hard,12.51,7.22,2.29,33.05,0.8337,33.92,cold
hard,21.55,7.19,2.34,33.64,1.0,50.82,cold
hard,18.66,5.66,1.84,20.9,1.0,70.54,hot
hard,13.81,1.97,1.32,5.21,0.9209,75.0,hot
hard,13.59,5.6,2.5,28.02,0.906,46.14,cold
hard,14.79,7.51,2.34,35.14,0.9861,34.31,cold
hard,13.84,6.49,1.68,21.77,0.9229,59.14,cold
hard,21.61,6.59,1.2,15.88,1.0,75.0,hot
hard,15.81,9.12,1.71,31.18,1.0,44.25,cold
hard,17.24,6.36,1.28,16.32,1.0,75.0,hot
hard,17.55,1.52,1.49,4.51,1.0,75.0,hot
hard,20.38,5.89,1.65,19.42,1.0,75.0,hot
hard,17.23,4.85,1.81,17.52,1.0,74.42,hot
hard,18.28,3.18,1.82,11.58,1.0,75.0,hot
hard,13.44,1.04,1.34,2.78,0.8959,75.0,hot
hard,22.84,5.96,1.14,13.57,1.0,75.0,hot
hard,7.3,4.72,2.5,23.6,0.4865,42.4,cold
hard,14.07,8.27,1.98,32.67,0.9377,37.79,cold
hard,17.36,1.66,2.27,7.54,1.0,75.0,hot
hard,13.33,7.16,1.39,19.94,0.8884,61.77,cold
hard,15.89,5.88,1.72,20.26,1.0,66.25,hot
hard,17.02,4.33,1.48,12.79,1.0,75.0,hot
hard,23.03,7.62,1.42,21.64,1.0,75.0,hot
hard,17.84,3.14,1.21,7.59,1.0,75.0,hot
hard,20.17,0.74,2.26,3.35,1.0,75.0,hot
hard,13.74,4.47,2.0,17.93,0.9158,66.62,hot
hard,17.91,2.93,2.16,12.67,1.0,75.0,hot
hard,15.57,1.86,1.72,6.38,1.0,75.0,hot
hard,21.91,9.19,2.16,39.68,1.0,39.45,cold
hard,9.05,6.23,2.23,27.71,0.6032,37.67,cold
hard,18.63,6.96,1.98,27.59,1.0,57.07,cold
hard,14.64,3.48,1.0,6.96,0.9759,75.0,hot
hard,16.7,5.47,2.08,22.72,1.0,62.95,cold
hard,8.31,6.61,2.5,33.06,0.5542,25.5,cold
hard,15.39,4.85,1.95,18.94,1.0,67.9,hot
hard,25.16,2.44,1.9,9.28,1.0,75.0,hot
hard,11.0,3.63,1.78,12.9,0.7334,71.21,hot
hard,21.74,9.5,2.02,38.47,1.0,41.54,cold
hard,13.12,11.23,1.59,35.63,0.8745,29.97,cold
hard,12.14,0.56,2.5,2.81,0.8096,75.0,hot
hard,19.84,11.04,1.11,24.41,1.0,65.86,hot
hard,22.29,5.18,2.2,22.8,1.0,73.98,hot
hard,6.76,8.67,2.19,38.03,0.4507,12.46,cold
hard,14.81,6.61,1.42,18.74,0.987,67.12,hot
hard,12.1,3.84,1.0,7.68,0.8069,75.0,hot
hard,19.31,7.98,1.45,23.13,1.0,67.36,hot
hard,16.74,4.34,1.96,17.03,1.0,74.41,hot
hard,11.86,2.79,2.33,12.99,0.7908,72.75,hot
hard,14.68,10.06,1.82,36.66,0.9787,31.03,cold
hard,10.37,8.07,2.12,34.13,0.6913,27.48,cold
hard,18.63,7.98,1.47,23.51,1.0,65.25,hot
hard,14.36,4.57,1.15,10.56,0.9576,75.0,hot
hard,13.68,8.34,1.92,32.01,0.9121,38.35,cold
hard,8.27,1.11,2.5,5.55,0.5513,75.0,hot
hard,14.55,3.38,1.66,11.25,0.9699,75.0,hot
hard,7.61,8.56,1.6,27.44,0.5076,35.34,cold
hard,21.84,5.13,2.5,25.65,1.0,67.38,hot
hard,16.28,7.13,2.16,30.81,1.0,45.95,cold
hard,18.12,5.87,1.68,19.76,1.0,71.7,hot
hard,24.58,2.73,1.8,9.85,1.0,75.0,hot
hard,15.07,6.01,1.59,19.04,1.0,67.06,hot
hard,16.57,4.58,1.01,9.24,1.0,75.0,hot
hard,15.05,2.25,1.0,4.5,1.0,75.0,hot
hard,15.68,6.22,2.06,25.67,1.0,55.04,cold
hard,17.84,0.5,1.12,1.12,1.0,75.0,hot
hard,24.87,2.38,2.11,10.03,1.0,75.0,hot
hard,11.57,5.2,1.48,15.42,0.771,67.28,hot
hard,17.81,5.34,1.58,16.84,1.0,75.0,hot
hard,9.75,5.67,1.19,13.53,0.6499,67.43,hot
hard,17.14,11.57,2.48,57.25,1.0,0.0,cold
hard,18.59,4.79,1.0,9.57,1.0,75.0,hot
hard,8.39,8.21,1.41,23.06,0.5592,45.65,cold
hard,11.5,4.59,1.27,11.64,0.7669,74.73,hot
hard,8.87,4.87,1.35,13.2,0.5911,66.33,hot
hard,11.29,3.05,2.06,12.56,0.753,72.47,hot
hard,13.84,4.55,2.1,19.11,0.9226,64.46,cold
hard,14.29,4.3,2.04,17.52,0.9527,68.54,hot
hard,18.34,4.63,1.84,17.05,1.0,75.0,hot
hard,11.09,2.85,2.18,12.44,0.7394,72.29,hot
hard,17.22,6.14,1.94,23.82,1.0,61.81,cold
hard,15.23,6.74,2.27,30.57,1.0,44.32,cold
hard,19.56,4.75,2.49,23.68,1.0,66.76,hot
hard,16.14,6.58,1.94,25.55,1.0,56.19,cold
hard,16.24,3.16,2.15,13.59,1.0,75.0,hot
hard,29.23,4.06,1.84,14.92,1.0,75.0,hot
hard,12.77,3.78,2.5,18.9,0.8513,62.74,cold
hard,11.64,3.81,1.01,7.68,0.7757,75.0,hot
hard,11.21,0.73,2.12,3.08,0.7475,75.0,hot
hard,29.0,4.08,1.0,8.17,1.0,75.0,hot
hard,19.5,3.18,2.45,15.59,1.0,75.0,hot
hard,13.59,3.42,1.71,11.7,0.906,75.0,hot
hard,18.79,4.43,1.55,13.75,1.0,75.0,hot
hard,14.01,1.82,2.0,7.28,0.9337,75.0,hot
hard,6.07,3.89,2.18,16.96,0.4044,53.22,cold
hard,16.52,6.48,1.77,22.89,1.0,62.25,cold
hard,20.85,7.31,2.02,29.58,1.0,57.53,cold
hard,19.64,6.88,1.58,21.73,1.0,70.81,hot
hard,8.28,6.05,2.07,25.09,0.552,41.39,cold
hard,20.45,2.66,1.35,7.16,1.0,75.0,hot
hard,17.3,4.82,1.0,9.64,1.0,75.0,hot
hard,16.88,0.5,1.33,1.33,1.0,75.0,hot
hard,21.76,9.56,1.19,22.8,1.0,72.92,hot
hard,13.35,5.11,2.5,25.53,0.8902,50.64,cold
hard,12.54,3.81,2.5,19.04,0.8357,61.99,cold
hard,13.13,6.81,1.06,14.45,0.8751,72.36,hot
hard,14.14,0.85,1.27,2.17,0.9429,75.0,hot
hard,19.2,4.88,1.64,16.0,1.0,75.0,hot
hard,11.26,4.45,1.95,17.35,0.7504,62.81,cold
hard,19.91,0.5,1.38,1.38,1.0,75.0,hot
hard,15.8,4.75,2.0,19.03,1.0,68.54,hot
hard,16.34,4.24,1.54,13.02,1.0,75.0,hot
hard,13.77,7.87,1.43,22.58,0.9182,57.39,cold
hard,14.69,5.46,2.5,27.29,0.9791,49.79,cold
hard,13.5,7.4,2.42,35.74,0.8999,30.51,cold
hard,14.68,4.47,1.64,14.63,0.9787,75.0,hot
hard,13.72,7.14,1.92,27.34,0.9147,47.77,cold
hard,16.18,2.19,1.32,5.76,1.0,75.0,hot
hard,25.72,4.56,1.41,12.87,1.0,75.0,hot
hard,22.16,5.7,2.09,23.83,1.0,71.64,hot
hard,14.31,4.2,1.72,14.42,0.954,74.78,hot
hard,8.09,4.78,1.95,18.62,0.5391,53.93,cold
hard,24.25,5.21,1.0,10.43,1.0,75.0,hot
hard,14.53,11.85,2.23,52.92,0.9687,0.0,cold
hard,10.95,6.48,1.43,18.51,0.7297,59.86,cold
hard,8.23,4.13,1.85,15.24,0.5487,60.98,cold
hard,5.64,2.13,1.81,7.68,0.3759,70.92,hot
hard,12.96,5.99,1.19,14.28,0.8639,72.36,hot
hard,18.57,2.04,2.5,10.2,1.0,75.0,hot
hard,6.42,2.27,2.01,9.11,0.4281,69.61,hot
hard,23.32,5.79,2.08,24.09,1.0,73.46,hot
hard,15.09,2.43,1.55,7.57,1.0,75.0,hot
hard,8.94,1.8,2.0,7.22,0.596,75.0,hot
hard,9.38,5.8,1.15,13.33,0.6256,67.11,hot
hard,16.48,3.78,2.5,18.89,1.0,70.18,hot
hard,16.62,8.09,1.42,23.01,1.0,62.22,cold
hard,15.28,2.55,1.59,8.12,1.0,75.0,hot
hard,13.69,3.19,1.19,7.6,0.9126,75.0,hot
hard,7.93,0.5,1.27,1.27,0.5288,75.0,hot
hard,18.14,1.0,1.12,2.24,1.0,75.0,hot
hard,23.95,3.41,1.96,13.37,1.0,75.0,hot
hard,18.21,6.66,1.04,13.83,1.0,75.0,hot
hard,13.84,0.95,2.5,4.77,0.923,75.0,hot
hard,7.03,2.38,1.28,6.09,0.4684,75.0,hot
hard,7.52,8.38,2.5,41.91,0.5011,6.22,cold
hard,12.62,1.7,1.0,3.4,0.8414,75.0,hot
hard,13.78,4.21,1.47,12.41,0.9186,75.0,hot
hard,16.11,5.99,1.96,23.49,1.0,60.23,cold
hard,13.42,2.25,2.13,9.58,0.8946,75.0,hot
hard,15.06,7.22,2.2,31.7,1.0,41.72,cold
hard,7.89,1.41,1.42,4.02,0.5261,75.0,hot
hard,9.72,6.89,1.98,27.22,0.6479,40.0,cold
hard,20.5,5.99,1.9,22.82,1.0,70.35,hot
hard,21.0,6.17,1.83,22.65,1.0,71.7,hot
hard,22.4,5.29,1.65,17.43,1.0,75.0,hot
hard,10.81,6.76,2.42,32.69,0.7207,31.25,cold
hard,14.75,8.27,1.0,16.54,0.9831,71.41,hot
hard,14.72,4.9,1.44,14.08,0.9815,75.0,hot
hard,26.92,4.83,1.6,15.43,1.0,75.0,hot
hard,15.13,0.5,1.42,1.42,1.0,75.0,hot
hard,19.92,3.43,1.39,9.5,1.0,75.0,hot
hard,21.55,8.35,2.06,34.38,1.0,49.34,cold
hard,12.72,4.4,1.4,12.31,0.8483,75.0,hot
hard,10.03,2.39,1.49,7.12,0.6684,75.0,hot
hard,9.83,1.09,1.91,4.17,0.6551,75.0,hot
hard,16.17,9.25,1.47,27.12,1.0,53.1,cold
hard,16.48,5.78,1.67,19.35,1.0,69.27,hot
hard,18.72,6.94,1.96,27.25,1.0,57.95,cold
hard,13.72,4.11,1.12,9.17,0.9148,75.0,hot
hard,10.97,3.44,1.24,8.53,0.7314,75.0,hot
hard,17.2,7.99,1.35,21.51,1.0,66.37,hot
hard,16.42,2.41,1.65,7.96,1.0,75.0,hot
hard,11.55,6.5,1.46,19.0,0.7699,60.09,cold
hard,20.06,4.39,1.48,12.94,1.0,75.0,hot
hard,8.73,5.63,2.25,25.32,0.5822,41.82,cold
hard,16.37,10.6,2.5,52.99,1.0,1.76,cold
hard,13.46,4.2,2.03,17.11,0.8975,67.7,hot
hard,10.81,7.92,1.98,31.36,0.7207,33.9,cold
hard,16.28,6.72,2.5,33.59,1.0,40.39,cold
hard,15.85,4.72,2.5,23.59,1.0,59.54,cold
hard,19.84,4.2,1.8,15.13,1.0,75.0,hot
hard,15.98,5.9,1.12,13.25,1.0,75.0,hot
hard,7.29,2.78,1.32,7.33,0.4858,74.92,hot
hard,11.78,6.59,1.72,22.6,0.7854,53.36,cold
hard,15.98,1.94,1.57,6.09,1.0,75.0,hot
hard,17.94,6.49,1.44,18.65,1.0,73.56,hot
hard,15.81,10.5,1.79,37.6,1.0,31.41,cold
hard,11.53,4.57,1.85,16.86,0.7689,64.35,cold
hard,14.24,4.92,1.08,10.61,0.9496,75.0,hot
hard,10.19,4.63,1.72,15.89,0.6791,63.59,cold
hard,12.17,4.56,1.83,16.68,0.8113,65.97,hot
hard,19.45,4.75,2.0,19.0,1.0,75.0,hot
hard,12.29,6.43,1.99,25.56,0.8195,48.45,cold
hard,19.33,6.78,2.09,28.41,1.0,56.83,cold
hard,14.51,5.61,2.33,26.17,0.9672,51.67,cold
hard,11.74,3.43,1.89,12.97,0.7826,72.55,hot
hard,17.08,2.94,1.76,10.36,1.0,75.0,hot
hard,14.53,0.5,1.69,1.69,0.9687,75.0,hot
hard,14.21,4.6,2.5,23.0,0.9476,57.43,cold
hard,8.92,2.94,1.0,5.88,0.5947,75.0,hot
hard,12.6,4.01,1.55,12.39,0.8397,75.0,hot
hard,20.54,7.15,1.84,26.3,1.0,63.47,cold
hard,13.15,7.57,1.79,27.09,0.8765,47.12,cold
hard,10.91,0.71,1.58,2.24,0.7272,75.0,hot
hard,18.77,10.69,1.83,39.15,1.0,34.25,cold
hard,11.17,2.04,2.08,8.46,0.7449,75.0,hot
hard,6.18,6.38,2.21,28.17,0.4118,31.02,cold
hard,17.18,4.45,2.08,18.54,1.0,72.29,hot
hard,15.85,3.05,2.5,15.27,1.0,75.0,hot
hard,13.24,6.94,1.0,13.88,0.8828,73.73,hot
hard,21.38,8.67,1.81,31.48,1.0,54.81,cold
hard,17.79,6.4,1.48,18.92,1.0,72.76,hot
hard,17.74,2.98,1.5,8.91,1.0,75.0,hot
hard,20.63,7.44,1.45,21.52,1.0,73.23,hot
hard,11.33,3.39,2.17,14.67,0.7555,68.32,hot
hard,10.0,5.89,2.17,25.61,0.6667,43.78,cold
hard,14.56,7.53,1.65,24.8,0.9706,54.52,cold
hard,13.93,2.56,2.31,11.81,0.9287,75.0,hot
hard,11.17,5.87,1.76,20.73,0.7445,55.88,cold
hard,9.74,3.48,2.49,17.33,0.6491,59.82,cold
hard,16.01,2.48,1.95,9.67,1.0,75.0,hot
hard,14.27,13.64,1.94,52.97,0.9513,0.0,cold
hard,13.1,8.55,1.0,17.1,0.8731,66.99,hot
hard,15.47,9.99,1.74,34.79,1.0,36.36,cold
hard,6.33,4.01,2.5,20.05,0.4222,47.56,cold
hard,16.88,2.9,1.46,8.46,1.0,75.0,hot
hard,12.2,5.9,2.47,29.15,0.8134,41.1,cold
hard,20.26,6.14,1.13,13.93,1.0,75.0,hot
hard,8.36,6.33,1.13,14.28,0.5574,63.16,cold
hard,13.87,5.76,1.23,14.18,0.9248,74.38,hot
hard,9.88,4.76,2.05,19.55,0.6586,55.65,cold
hard,20.31,6.52,1.84,23.94,1.0,67.73,hot
hard,11.27,2.32,1.54,7.18,0.7513,75.0,hot
hard,17.05,5.84,1.0,11.68,1.0,75.0,hot
hard,11.07,8.01,1.84,29.48,0.7381,38.19,cold
hard,7.91,10.89,1.79,38.89,0.5277,13.06,cold
hard,16.92,6.0,1.62,19.39,1.0,70.06,hot
hard,11.36,10.3,2.3,47.43,0.7575,2.86,cold
hard,19.11,6.44,1.3,16.72,1.0,75.0,hot
hard,21.39,2.89,1.94,11.23,1.0,75.0,hot
hard,6.8,0.5,1.96,1.96,0.4535,75.0,hot
hard,10.95,0.5,2.07,2.07,0.7303,75.0,hot
hard,25.6,8.47,1.67,28.33,1.0,69.55,hot
hard,15.04,7.22,2.36,34.09,1.0,36.91,cold
hard,13.28,5.09,1.95,19.84,0.8855,61.89,cold
hard,17.77,4.67,1.74,16.24,1.0,75.0,hot
hard,21.9,8.02,2.04,32.72,1.0,53.37,cold
hard,23.6,4.03,2.5,20.17,1.0,75.0,hot
hard,17.71,13.18,1.2,31.73,1.0,46.97,cold
hard,11.55,6.05,2.0,24.17,0.7702,49.76,cold
hard,24.75,3.33,2.25,15.0,1.0,75.0,hot
hard,20.81,6.76,1.32,17.84,1.0,75.0,hot
hard,22.04,8.07,2.1,33.9,1.0,51.27,cold
hard,16.02,5.57,1.76,19.6,1.0,67.85,hot
hard,18.2,5.08,1.38,13.97,1.0,75.0,hot
hard,9.76,3.12,1.91,11.92,0.6505,70.66,hot
hard,14.87,5.54,2.05,22.71,0.991,59.31,cold
hard,11.86,8.66,1.67,28.87,0.7909,40.98,cold
hard,12.83,6.21,1.0,12.41,0.8555,75.0,hot
hard,11.05,7.45,1.0,14.91,0.7365,67.28,hot
hard,20.59,8.78,1.62,28.36,1.0,59.46,cold
hard,16.46,7.8,1.57,24.43,1.0,59.05,cold
hard,19.34,3.32,1.56,10.37,1.0,75.0,hot
hard,11.0,5.86,2.38,27.87,0.7336,41.28,cold
hard,14.08,1.82,1.26,4.59,0.9386,75.0,hot
hard,16.97,9.61,2.0,38.38,1.0,32.18,cold
hard,13.07,6.92,1.68,23.24,0.871,54.65,cold
hard,13.11,2.6,2.5,13.02,0.8739,75.0,hot
hard,5.0,6.99,1.57,21.94,0.3333,41.13,cold
hard,12.95,9.23,1.44,26.64,0.8632,47.62,cold
hard,11.6,4.67,2.01,18.76,0.7733,60.68,cold
hard,12.79,1.07,1.37,2.91,0.8527,75.0,hot
hard,21.41,5.19,2.03,21.01,1.0,75.0,hot
hard,13.69,3.35,2.5,16.76,0.9129,68.87,hot
hard,14.06,3.89,2.35,18.28,0.9373,66.57,hot
hard,11.39,3.51,1.81,12.68,0.7592,72.41,hot
hard,15.0,5.65,2.5,28.25,1.0,48.51,cold
hard,16.68,0.5,1.96,1.96,1.0,75.0,hot
hard,15.19,5.11,1.92,19.65,1.0,66.08,hot
hard,14.86,4.87,2.11,20.51,0.9904,63.69,cold
hard,12.29,2.63,2.5,13.15,0.8193,73.27,hot
hard,11.42,5.25,1.05,11.05,0.7614,75.0,hot
hard,15.58,2.67,1.58,8.42,1.0,75.0,hot
hard,20.23,6.18,2.08,25.76,1.0,63.93,cold
hard,6.14,9.59,1.2,23.1,0.4096,41.09,cold
hard,22.64,7.55,2.09,31.55,1.0,57.18,cold
hard,10.73,5.38,1.56,16.83,0.715,62.79,cold
hard,15.15,4.38,1.0,8.75,1.0,75.0,hot
hard,20.61,4.8,1.56,14.94,1.0,75.0,hot
hard,12.2,5.9,1.35,15.96,0.8132,67.48,hot
hard,5.0,6.02,2.06,24.79,0.3333,35.42,cold
hard,14.0,2.13,1.84,7.86,0.9335,75.0,hot
hard,7.68,2.43,1.42,6.93,0.5118,75.0,hot
hard,19.22,4.09,1.58,12.9,1.0,75.0,hot
hard,24.77,5.88,1.97,23.17,1.0,75.0,hot
hard,13.15,3.51,1.0,7.02,0.8768,75.0,hot
hard,19.84,6.12,1.71,20.94,1.0,72.81,hot
hard,14.31,6.84,1.02,13.99,0.9543,75.0,hot
hard,12.05,2.16,2.5,10.8,0.8034,75.0,hot
hard,19.38,0.5,1.04,1.04,1.0,75.0,hot
hard,14.34,3.82,1.14,8.69,0.9559,75.0,hot
hard,24.72,5.78,2.04,23.56,1.0,75.0,hot
hard,11.54,6.81,1.61,21.91,0.7693,54.26,cold
hard,13.58,6.53,1.0,13.06,0.9056,75.0,hot
hard,22.99,5.46,2.44,26.63,1.0,67.71,hot
hard,9.62,2.69,1.22,6.56,0.6415,75.0,hot
hard,16.25,5.16,1.57,16.2,1.0,75.0,hot
hard,9.93,1.83,1.78,6.51,0.662,75.0,hot
hard,12.67,3.29,2.5,16.43,0.8448,67.48,hot
hard,14.59,8.18,1.53,25.07,0.9726,54.03,cold
hard,16.22,4.86,1.0,9.72,1.0,75.0,hot
hard,22.14,4.66,2.17,20.26,1.0,75.0,hot
hard,11.24,4.59,1.37,12.54,0.7493,72.4,hot
hard,21.18,5.78,1.98,22.92,1.0,71.51,hot
hard,21.79,7.89,2.18,34.45,1.0,49.69,cold
hard,7.89,3.26,1.3,8.47,0.5261,73.85,hot
hard,18.64,5.43,1.1,11.99,1.0,75.0,hot
hard,14.06,1.26,1.77,4.49,0.9371,75.0,hot
hard,6.72,6.32,1.99,25.15,0.4482,38.15,cold
hard,24.54,7.12,1.59,22.62,1.0,75.0,hot
hard,19.09,1.51,1.32,3.97,1.0,75.0,hot
hard,16.67,0.5,1.78,1.78,1.0,75.0,hot
hard,9.9,5.25,1.26,13.25,0.6599,68.3,hot
hard,17.12,5.05,2.5,25.24,1.0,58.76,cold
hard,15.03,3.08,1.68,10.32,1.0,75.0,hot
hard,8.28,6.02,2.09,25.2,0.5519,41.15,cold
hard,27.35,3.45,1.67,11.48,1.0,75.0,hot
hard,12.12,5.53,1.99,22.02,0.8081,55.2,cold
hard,14.73,7.72,1.49,23.02,0.9822,58.43,cold
hard,19.93,6.35,1.79,22.77,1.0,69.32,hot
hard,13.43,11.07,1.39,30.8,0.895,40.25,cold
hard,16.49,3.12,2.5,15.62,1.0,75.0,hot
hard,19.43,3.3,2.06,13.59,1.0,75.0,hot
hard,16.29,3.71,2.18,16.16,1.0,75.0,hot
hard,16.95,5.54,1.78,19.71,1.0,69.47,hot
hard,17.16,5.57,1.83,20.39,1.0,68.52,hot
hard,11.79,9.23,1.27,23.54,0.7863,51.5,cold
hard,17.14,4.2,2.5,21.0,1.0,67.28,hot
hard,10.48,3.16,1.32,8.32,0.6988,75.0,hot
hard,16.62,1.57,1.56,4.89,1.0,75.0,hot
hard,5.0,5.6,1.55,17.36,0.3333,50.28,cold
